#,Name,Pos,Team,STD PTS,1/2PPR PTS,PPR PTS,Cmp,Att,Pass Yds,Pass TD,Int,Rush,Rush Yds,Run TD,Tgt,Rec,Rec Yds,Rec TD
1,Patrick Mahomes,QB,KC,362.6,362.6,362.6,437,629,4933,29.3,14.3,103,598,3.6,0,0,0,0
2,Lamar Jackson,QB,BAL,358.2,358.2,358.2,380,554,4201,25.2,9.2,155,811,5.7,0,0,0,0
3,Dak Prescott,QB,DAL,340.1,340.1,340.1,423,611,4860,29.2,4.9,75,313,2.2,0,0,0,0
4,Josh Allen,QB,BUF,335.4,335.4,335.4,405,587,4418,27,17.2,115,490,7.1,0,0,0,0
5,Jalen Hurts,QB,PHI,332.7,332.7,332.7,379,548,4412,26.1,13.4,139,486,6.1,0,0,0,0
6,Joe Burrow,QB,CIN,332.1,332.1,332.1,446,656,5070,29.2,12.6,78,293,2.7,0,0,0,0
7,Brock Purdy,QB,SF,319.4,319.4,319.4,403,567,4906,27.6,11.8,70,265,2.5,0,0,0,0
8,Trevor Lawrence,QB,JAC,315.2,315.2,315.2,427,626,4740,25.5,14,93,449,3.2,0,0,0,0
9,C.J. Stroud,QB,HOU,312.5,312.5,312.5,418,603,4819,27.7,7.1,66,202,2.1,0,0,0,0
10,Caleb Williams,QB,CHI,308,308,308,409,580,4528,23.6,14,104,433,3.7,0,0,0,0
11,Jordan Love,QB,GB,306.5,306.5,306.5,407,599,4491,27.7,11.7,71,332,2.3,0,0,0,0
12,Kyler Murray,QB,ARI,300.2,300.2,300.2,376,543,4035,22.2,12.1,110,555,4,0,0,0,0
13,Tua Tagovailoa,QB,MIA,298.8,298.8,298.8,424,607,5096,27.3,16.5,59,117,2.1,0,0,0,0
14,Justin Herbert,QB,LAC,292.1,292.1,292.1,360,541,4040,24.7,7.9,91,407,2.3,0,0,0,0
15,Anthony Richardson,QB,IND,290.3,290.3,290.3,329,491,3609,21,9.3,124,571,5,0,0,0,0
16,Jared Goff,QB,DET,284.2,284.2,284.2,412,585,4565,27.2,11.1,53,93,2.1,0,0,0,0
17,Geno Smith,QB,SEA,282.3,282.3,282.3,409,602,4652,24.3,11.7,58,214,1.4,0,0,0,0
18,Christian McCaffrey,RB,SF,281.9,315.9,349.8,0,0,0,0,0,272,1356,9.8,89,68,612,4.7
19,Jayden Daniels,QB,WAS,281.8,281.8,281.8,383,584,4055,20.4,14.2,121,533,3,0,0,0,0
20,Matthew Stafford,QB,LAR,280.9,280.9,280.9,405,595,4703,26.5,11.2,41,97,0.9,0,0,0,0
21,Deshaun Watson,QB,CLE,277.6,277.6,277.6,373,561,4276,22.8,12.8,83,356,2.3,0,0,0,0
22,Baker Mayfield,QB,TB,277.5,277.5,277.5,383,569,4340,24.2,9.8,73,248,2.1,0,0,0,0
23,Aaron Rodgers,QB,NYJ,274.4,274.4,274.4,417,612,4608,24.8,14.5,58,176,1.6,0,0,0,0
24,Kirk Cousins,QB,ATL,274.2,274.2,274.2,393,576,4558,26.4,12.6,55,103,1.9,0,0,0,0
25,Breece Hall,RB,NYJ,272.8,312.7,352.6,0,0,0,0,0,264,1190,9.7,105,80,740,3.9
26,Russell Wilson,QB,PIT,257.8,257.8,257.8,323,482,3542,20.4,9.1,96,438,3.2,0,0,0,0
27,Derek Carr,QB,NO,256.1,256.1,256.1,394,574,4544,22.1,12.7,50,125,1.2,0,0,0,0
28,Bo Nix,QB,DEN,253.6,253.6,253.6,372,558,3835,18.8,13.5,98,407,2.6,0,0,0,0
29,CeeDee Lamb,WR,DAL,242.4,306.6,370.9,0,0,0,0,0,11,70,0.4,183,129,1764,9.6
30,Bryce Young,QB,CAR,242.2,242.2,242.2,374,560,3837,18.8,9.1,58,278,1.9,0,0,0,0
31,Jonathan Taylor,RB,IND,227.6,249.5,271.4,0,0,0,0,0,278,1215,10.1,58,44,350,2.1
32,Daniel Jones,QB,NYG,225.7,225.7,225.7,357,540,3639,17.6,13.8,76,317,2.7,0,0,0,0
33,Will Levis,QB,TEN,225.2,225.2,225.2,360,541,3724,19,12.1,61,205,2.5,0,0,0,0
34,Kyren Williams,RB,LAR,220.2,240.1,260,0,0,0,0,0,257,1254,10.2,52,40,227,2.1
35,Bijan Robinson,RB,ATL,214.2,252,289.8,0,0,0,0,0,211,983,4.3,100,76,609,5.2
36,Amon-Ra St. Brown,WR,DET,213.2,271.4,329.6,0,0,0,0,0,3,20,0.2,166,116,1533,9.6
37,Isiah Pacheco,RB,KC,208.6,229.2,249.8,0,0,0,0,0,239,1081,9.4,54,41,315,2.3
38,Drake Maye,QB,NE,206,206,206,340,513,3365,15.8,12.5,65,258,1.9,0,0,0,0
39,Saquon Barkley,RB,PHI,200.1,219.6,239,0,0,0,0,0,248,1087,8.6,51,39,286,2.1
40,J.J. McCarthy,QB,MIN,198.2,198.2,198.2,299,430,3190,15.4,10.6,59,232,1.8,0,0,0,0
41,JaMarr Chase,WR,CIN,196.2,254.4,312.6,0,0,0,0,0,3,16,0.2,170,116,1440,8.4
42,Kenneth Walker III,RB,SEA,195.6,214.8,233.9,0,0,0,0,0,233,1049,8.3,50,38,336,1.4
43,Travis Etienne Jr.,RB,JAC,195.2,224.3,253.4,0,0,0,0,0,235,981,6.8,76,58,479,1.6
44,Gardner Minshew II,QB,LV,194.9,194.9,194.9,304,454,3129,15.9,7.4,42,134,1.9,0,0,0,0
45,Tyreek Hill,WR,MIA,194.5,241.7,288.9,0,0,0,0,0,6,36,0.3,136,94,1374,8.8
46,Derrick Henry,RB,BAL,191.4,207.7,224.1,0,0,0,0,0,237,1019,9.4,43,33,277,1.1
47,Joe Mixon,RB,HOU,191,210.9,230.8,0,0,0,0,0,231,965,8.2,52,40,312,2.6
48,James Cook,RB,BUF,189.5,214.1,238.8,0,0,0,0,0,228,1081,4.7,65,49,382,2.7
49,Rachaad White,RB,TB,189.1,215.1,241.1,0,0,0,0,0,220,891,6.9,68,52,435,2.8
50,Puka Nacua,WR,LAR,187,236.5,286.1,0,0,0,0,0,11,65,0.4,145,99,1409,6.3
51,A.J. Brown,WR,PHI,186.3,236.4,286.4,0,0,0,0,0,0,0,0,146,100,1386,8.1
52,James Conner,RB,ARI,185.7,202,218.3,0,0,0,0,0,236,1108,7.6,43,33,234,1.2
53,Jahmyr Gibbs,RB,DET,183.3,214.4,245.5,0,0,0,0,0,188,925,5.1,82,62,443,2.9
54,Justin Jefferson,WR,MIN,180.9,232.4,283.9,0,0,0,0,0,0,0,0,151,103,1430,6.4
55,Devin Singletary,RB,NYG,178.3,201.4,224.6,0,0,0,0,0,233,1066,6.3,61,46,288,1.1
56,Aaron Jones,RB,MIN,174.8,206.1,237.3,0,0,0,0,0,179,831,6.6,82,63,401,2.3
57,Davante Adams,WR,LV,174.2,231.3,288.3,0,0,0,0,0,0,0,0,176,114,1320,7.2
58,DK Metcalf,WR,SEA,170.8,215.3,259.8,0,0,0,0,0,0,0,0,137,89,1244,7.8
59,Mike Evans,WR,TB,170.5,214.3,258.1,0,0,0,0,0,0,0,0,134,88,1256,7.6
60,Brandon Aiyuk,WR,SF,169.9,214,258.2,0,0,0,0,0,0,0,0,129,88,1366,5.6
61,DAndre Swift,RB,CHI,169.6,187.9,206.1,0,0,0,0,0,215,980,7.1,48,37,236,1.2
62,Tony Pollard,RB,TEN,169,184.7,200.3,0,0,0,0,0,220,972,8.4,41,31,177,0.8
63,Najee Harris,RB,PIT,168.7,184.5,200.2,0,0,0,0,0,230,997,7,41,31,215,1.2
64,Garrett Wilson,WR,NYJ,168.6,220.8,272.9,0,0,0,0,0,3,17,0.1,162,104,1276,6.5
65,Cooper Kupp,WR,LAR,168.5,217.7,266.9,0,0,0,0,0,1,6,0,151,98,1214,7.8
66,Rhamondre Stevenson,RB,NE,168.1,191.8,215.5,0,0,0,0,0,211,935,6.6,62,47,299,1.1
67,Raheem Mostert,RB,MIA,164,174.9,185.8,0,0,0,0,0,192,906,8.7,29,22,163,1
68,Michael Pittman Jr.,WR,IND,163.5,216.5,269.5,0,0,0,0,0,0,0,0,158,106,1240,6.7
69,Zamir White,RB,LV,162.7,179.2,195.6,0,0,0,0,0,225,995,5.7,43,33,263,0.8
70,David Montgomery,RB,DET,161.5,171.9,182.4,0,0,0,0,0,193,900,8.9,27,21,167,0.4
71,Chris Godwin,WR,TB,161.5,211.8,262.1,0,0,0,0,0,3,18,0.1,150,101,1213,6.4
72,Jonathon Brooks,RB,CAR,160,179.4,198.8,0,0,0,0,0,198,891,5.6,51,39,303,1.2
73,Devon Achane,RB,MIA,159.1,185.5,212,0,0,0,0,0,162,801,4,70,53,428,2.3
74,Christian Kirk,WR,JAC,156.6,201.1,245.6,0,0,0,0,0,1,6,0,137,89,1199,6.1
75,DJ Moore,WR,CHI,156,197.1,238.2,0,0,0,0,0,4,25,0.2,125,82,1192,5.6
76,Drake London,WR,ATL,155.5,198.5,241.5,0,0,0,0,0,0,0,0,127,86,1197,6.1
77,Ezekiel Elliott,RB,DAL,154.1,172.5,190.9,0,0,0,0,0,186,780,6.6,49,37,280,1.6
78,George Pickens,WR,PIT,152.7,189.2,225.7,0,0,0,0,0,2,13,0.1,115,73,1113,6.7
79,Deebo Samuel,WR,SF,151.4,187.3,223.2,0,0,0,0,0,34,203,1.5,105,72,882,5.8
80,Travis Kelce,TE,KC,150.5,202.9,255.2,0,0,0,0,0,0,0,0,129,105,1128,6.4
81,Josh Jacobs,RB,GB,149.6,169.4,189.1,0,0,0,0,0,192,769,5.9,52,40,290,1.6
82,Chris Olave,WR,NO,149.6,195.2,240.8,0,0,0,0,0,0,0,0,138,91,1212,4.8
83,Jaylen Warren,RB,PIT,148.2,179.8,211.3,0,0,0,0,0,147,705,2.6,83,63,496,2.3
84,Jaylen Waddle,WR,MIA,148,188.3,228.6,0,0,0,0,0,3,21,0.1,119,81,1167,4.8
85,Nico Collins,WR,HOU,147.1,183.9,220.7,0,0,0,0,0,0,0,0,107,74,1124,5.9
86,Amari Cooper,WR,CLE,146.9,186.4,226,0,0,0,0,0,0,0,0,122,79,1139,5.6
87,Nick Chubb,RB,CLE,146.7,156.6,166.5,0,0,0,0,0,186,895,6.5,26,20,151,0.8
88,Tee Higgins,WR,CIN,146.1,185.7,225.4,0,0,0,0,0,0,0,0,124,79,1082,6.4
89,Zack Moss,RB,CIN,146,163,179.9,0,0,0,0,0,166,737,6.8,45,34,250,1.3
90,Gus Edwards,RB,LAC,145.2,157.7,170.3,0,0,0,0,0,200,860,6,33,25,212,0.5
91,Zay Flowers,WR,BAL,144.3,184.3,224.2,0,0,0,0,0,7,43,0.3,122,80,1007,6.4
92,Michael Badgley,K,DET,140.7,140.7,140.7,0,0,0,0,0,0,0,0,0,0,0,0
93,Jake Moody,K,SF,140.7,140.7,140.7,0,0,0,0,0,0,0,0,0,0,0,0
94,Brian Robinson Jr.,RB,WAS,140.2,155.4,170.5,0,0,0,0,0,166,731,5.2,40,30,285,1.4
95,Harrison Butker,K,KC,138.9,138.9,138.9,0,0,0,0,0,0,0,0,0,0,0,0
96,Brandon Aubrey,K,DAL,138.5,138.5,138.5,0,0,0,0,0,0,0,0,0,0,0,0
97,Austin Ekeler,RB,WAS,137.7,165.4,193.1,0,0,0,0,0,138,583,5.6,73,55,357,1.8
98,Jason Sanders,K,MIA,137.1,137.1,137.1,0,0,0,0,0,0,0,0,0,0,0,0
99,Tyler Bass,K,BUF,136.9,136.9,136.9,0,0,0,0,0,0,0,0,0,0,0,0
100,Jake Elliott,K,PHI,136.4,136.4,136.4,0,0,0,0,0,0,0,0,0,0,0,0
101,Evan McPherson,K,CIN,136.3,136.3,136.3,0,0,0,0,0,0,0,0,0,0,0,0
102,Justin Tucker,K,BAL,135.9,135.9,135.9,0,0,0,0,0,0,0,0,0,0,0,0
103,Ka’imi Fairbairn,K,HOU,135.8,135.8,135.8,0,0,0,0,0,0,0,0,0,0,0,0
104,PHI Defense,DEF,PHI,135.5,135.5,135.5,0,0,0,0,0,0,0,0,0,0,0,0
105,Javonte Williams,RB,DEN,135.1,158.7,182.3,0,0,0,0,0,172,696,4.9,62,47,302,1.2
106,Rashid Shaheed,WR,NO,134.9,167.6,200.3,0,0,0,0,0,8,47,0.3,102,65,996,4.9
107,Joshua Karty,K,LAR,134.8,134.8,134.8,0,0,0,0,0,0,0,0,0,0,0,0
108,Anders Carlson,K,GB,134.5,134.5,134.5,0,0,0,0,0,0,0,0,0,0,0,0
109,George Kittle,TE,SF,134.3,172.7,211.2,0,0,0,0,0,1,4,0,101,77,1009,5.6
110,Alvin Kamara,RB,NO,134.2,160.6,187.1,0,0,0,0,0,128,560,4.7,69,53,407,1.7
111,KC Defense,DEF,KC,134,134,134,0,0,0,0,0,0,0,0,0,0,0,0
112,Younghoe Koo,K,ATL,133.4,133.4,133.4,0,0,0,0,0,0,0,0,0,0,0,0
113,Greg Zuerlein,K,NYJ,133.3,133.3,133.3,0,0,0,0,0,0,0,0,0,0,0,0
114,CIN Defense,DEF,CIN,133.2,133.2,133.2,0,0,0,0,0,0,0,0,0,0,0,0
115,Diontae Johnson,WR,CAR,133.1,175.3,217.5,0,0,0,0,0,0,0,0,130,84,996,5.7
116,Jayden Reed,WR,GB,132.8,167.7,202.7,0,0,0,0,0,12,79,0.5,108,70,873,5.9
117,Tyjae Spears,RB,TEN,132.4,156.1,179.9,0,0,0,0,0,145,647,3.2,63,48,377,2
118,NYJ Defense,DEF,NYJ,132.2,132.2,132.2,0,0,0,0,0,0,0,0,0,0,0,0
119,Cairo Santos,K,CHI,131.8,131.8,131.8,0,0,0,0,0,0,0,0,0,0,0,0
120,Terry McLaurin,WR,WAS,131.7,172.5,213.3,0,0,0,0,0,0,0,0,126,82,1073,4.2
121,Matt Gay,K,IND,131.6,131.6,131.6,0,0,0,0,0,0,0,0,0,0,0,0
122,BAL Defense,DEF,BAL,131.6,131.6,131.6,0,0,0,0,0,0,0,0,0,0,0,0
123,Cam Little,K,JAC,131.5,131.5,131.5,0,0,0,0,0,0,0,0,0,0,0,0
124,SF Defense,DEF,SF,130.5,130.5,130.5,0,0,0,0,0,0,0,0,0,0,0,0
125,Stefon Diggs,WR,HOU,130.3,174.8,219.3,0,0,0,0,0,0,0,0,135,89,1026,4.7
126,Chase Brown,RB,CIN,129.2,146.7,164.2,0,0,0,0,0,146,615,4.1,46,35,357,1.5
127,Mark Andrews,TE,BAL,128.7,169.6,210.6,0,0,0,0,0,1,4,0,109,82,922,6.1
128,Dustin Hopkins,K,CLE,128.5,128.5,128.5,0,0,0,0,0,0,0,0,0,0,0,0
129,DeVonta Smith,WR,PHI,128,162.7,197.4,0,0,0,0,0,0,0,0,104,69,968,5.3
130,Cameron Dicker,K,LAC,127.8,127.8,127.8,0,0,0,0,0,0,0,0,0,0,0,0
131,Jason Myers,K,SEA,127.8,127.8,127.8,0,0,0,0,0,0,0,0,0,0,0,0
132,Marvin Harrison Jr.,WR,ARI,127.7,164.4,201.1,0,0,0,0,0,0,0,0,112,73,948,5.7
133,CLE Defense,DEF,CLE,127.7,127.7,127.7,0,0,0,0,0,0,0,0,0,0,0,0
134,DAL Defense,DEF,DAL,127.4,127.4,127.4,0,0,0,0,0,0,0,0,0,0,0,0
135,Matt Prater,K,ARI,127.1,127.1,127.1,0,0,0,0,0,0,0,0,0,0,0,0
136,Tyler Lockett,WR,SEA,126.8,167.6,208.3,0,0,0,0,0,0,0,0,124,81,986,4.8
137,LAC Defense,DEF,LAC,126.5,126.5,126.5,0,0,0,0,0,0,0,0,0,0,0,0
138,Chase McLaughlin,K,TB,126.3,126.3,126.3,0,0,0,0,0,0,0,0,0,0,0,0
139,Will Reichard,K,MIN,125.1,125.1,125.1,0,0,0,0,0,0,0,0,0,0,0,0
140,Tank Dell,WR,HOU,125,156.6,188.2,0,0,0,0,0,9,55,0.4,95,63,858,5.4
141,PIT Defense,DEF,PIT,124.3,124.3,124.3,0,0,0,0,0,0,0,0,0,0,0,0
142,Malik Nabers,WR,NYG,124.2,162.8,201.5,0,0,0,0,0,0,0,0,119,77,939,5.2
143,Blake Grupe,K,NO,123.9,123.9,123.9,0,0,0,0,0,0,0,0,0,0,0,0
144,TB Defense,DEF,TB,123.7,123.7,123.7,0,0,0,0,0,0,0,0,0,0,0,0
145,WAS Defense,DEF,WAS,123.6,123.6,123.6,0,0,0,0,0,0,0,0,0,0,0,0
146,NYG Defense,DEF,NYG,123.5,123.5,123.5,0,0,0,0,0,0,0,0,0,0,0,0
147,Keon Coleman,WR,BUF,123.3,157.1,191,0,0,0,0,0,0,0,0,107,68,898,5.7
148,MIA Defense,DEF,MIA,123,123,123,0,0,0,0,0,0,0,0,0,0,0,0
149,Chris Boswell,K,PIT,122.9,122.9,122.9,0,0,0,0,0,0,0,0,0,0,0,0
150,HOU Defense,DEF,HOU,122.9,122.9,122.9,0,0,0,0,0,0,0,0,0,0,0,0
151,Nick Folk,K,TEN,122.8,122.8,122.8,0,0,0,0,0,0,0,0,0,0,0,0
152,Ramiz Ahmed,K,WAS,122.8,122.8,122.8,0,0,0,0,0,0,0,0,0,0,0,0
153,ATL Defense,DEF,ATL,122.2,122.2,122.2,0,0,0,0,0,0,0,0,0,0,0,0
154,Daniel Carlson,K,LV,121.9,121.9,121.9,0,0,0,0,0,0,0,0,0,0,0,0
155,BUF Defense,DEF,BUF,121.7,121.7,121.7,0,0,0,0,0,0,0,0,0,0,0,0
156,IND Defense,DEF,IND,121.5,121.5,121.5,0,0,0,0,0,0,0,0,0,0,0,0
157,CHI Defense,DEF,CHI,120.6,120.6,120.6,0,0,0,0,0,0,0,0,0,0,0,0
158,NO Defense,DEF,NO,120.5,120.5,120.5,0,0,0,0,0,0,0,0,0,0,0,0
159,Courtland Sutton,WR,DEN,120.4,155.8,191.1,0,0,0,0,0,0,0,0,111,71,904,5.1
160,Christian Watson,WR,GB,119.9,150.9,182,0,0,0,0,0,3,21,0.1,100,62,832,5.7
161,Mike Williams,WR,NYJ,119.4,152.8,186.2,0,0,0,0,0,1,6,0,103,67,914,4.6
162,Kyle Pitts,TE,ATL,119.3,153.8,188.2,0,0,0,0,0,1,4,0,102,69,861,5.5
163,Graham Gano,K,NYG,119,119,119,0,0,0,0,0,0,0,0,0,0,0,0
164,JAC Defense,DEF,JAC,119,119,119,0,0,0,0,0,0,0,0,0,0,0,0
165,LV Defense,DEF,LV,118.7,118.7,118.7,0,0,0,0,0,0,0,0,0,0,0,0
166,Tyler Allgeier,RB,ATL,117.9,127.1,136.4,0,0,0,0,0,143,617,5.5,24,18,183,1
167,SEA Defense,DEF,SEA,117.9,117.9,117.9,0,0,0,0,0,0,0,0,0,0,0,0
168,Keenan Allen,WR,CHI,117.7,156.6,195.6,0,0,0,0,0,2,12,0.1,114,78,917,4.1
169,MIN Defense,DEF,MIN,117.7,117.7,117.7,0,0,0,0,0,0,0,0,0,0,0,0
170,GB Defense,DEF,GB,117.5,117.5,117.5,0,0,0,0,0,0,0,0,0,0,0,0
171,Brian Thomas Jr.,WR,JAC,116.9,150.5,184.2,0,0,0,0,0,0,0,0,108,67,864,5.2
172,Jakobi Meyers,WR,LV,116.9,153.6,190.4,0,0,0,0,0,3,18,0.2,113,73,881,4.4
173,Eddy Pineiro,K,CAR,116.2,116.2,116.2,0,0,0,0,0,0,0,0,0,0,0,0
174,DET Defense,DEF,DET,116.1,116.1,116.1,0,0,0,0,0,0,0,0,0,0,0,0
175,NE Defense,DEF,NE,116,116,116,0,0,0,0,0,0,0,0,0,0,0,0
176,Wil Lutz,K,DEN,115.7,115.7,115.7,0,0,0,0,0,0,0,0,0,0,0,0
177,DEN Defense,DEF,DEN,115.7,115.7,115.7,0,0,0,0,0,0,0,0,0,0,0,0
178,Rashee Rice,WR,KC,114.9,147.4,179.9,0,0,0,0,0,1,5,0,95,65,841,5.1
179,Romeo Doubs,WR,GB,114.1,146.8,179.6,0,0,0,0,0,0,0,0,102,65,824,5.4
180,Sam LaPorta,TE,DET,113.9,155.7,197.5,0,0,0,0,0,1,4,0.1,109,84,785,5.9
181,LAR Defense,DEF,LAR,113.8,113.8,113.8,0,0,0,0,0,0,0,0,0,0,0,0
182,David Njoku,TE,CLE,113.6,150,186.4,0,0,0,0,0,0,0,0,106,73,804,5.6
183,Marquise Brown,WR,KC,113.4,148.7,183.9,0,0,0,0,0,1,9,0.1,112,70,846,4.7
184,Curtis Samuel,WR,BUF,113.4,145,176.7,0,0,0,0,0,7,41,0.3,95,63,793,4.8
185,Adam Thielen,WR,CAR,113.3,152.5,191.7,0,0,0,0,0,1,6,0,120,78,875,4.2
186,Joey Slye,K,NE,113.1,113.1,113.1,0,0,0,0,0,0,0,0,0,0,0,0
187,TEN Defense,DEF,TEN,112.6,112.6,112.6,0,0,0,0,0,0,0,0,0,0,0,0
188,Joshua Palmer,WR,LAC,112.1,141.9,171.6,0,0,0,0,0,0,0,0,94,60,807,5.3
189,Gabe Davis,WR,JAC,111.8,140.9,170,0,0,0,0,0,1,6,0,97,58,809,5.1
190,DeAndre Hopkins,WR,TEN,111.5,144.4,177.3,0,0,0,0,0,2,14,0.1,101,66,813,4.8
191,Jake Ferguson,TE,DAL,109.9,148.4,186.8,0,0,0,0,0,0,0,0,102,77,763,5.7
192,Josh Downs,WR,IND,109.8,143.3,176.7,0,0,0,0,0,0,0,0,104,67,837,4.4
193,Ladd McConkey,WR,LAC,109.7,139.3,169,0,0,0,0,0,0,0,0,94,59,783,5.4
194,Calvin Ridley,WR,TEN,108.6,139.6,170.6,0,0,0,0,0,10,58,0.4,100,62,739,4.5
195,Jerry Jeudy,WR,CLE,108.5,140.8,173,0,0,0,0,0,0,0,0,102,64,851,4
196,Brandin Cooks,WR,DAL,108.3,138.8,169.2,0,0,0,0,0,4,24,0.1,94,61,787,4.5
197,Odell Beckham Jr.,WR,MIA,107.5,138,168.6,0,0,0,0,0,0,0,0,95,61,818,4.4
198,CAR Defense,DEF,CAR,105.5,105.5,105.5,0,0,0,0,0,0,0,0,0,0,0,0
199,Jordan Addison,WR,MIN,104.5,136,167.5,0,0,0,0,0,1,5,0,100,63,786,4.3
200,ARI Defense,DEF,ARI,103.3,103.3,103.3,0,0,0,0,0,0,0,0,0,0,0,0
201,Evan Engram,TE,JAC,102.5,146.2,189.8,0,0,0,0,0,0,0,0,111,87,791,4
202,Jaxon Smith-Njigba,WR,SEA,102.3,134.7,167.1,0,0,0,0,0,0,0,0,103,65,768,4.3
203,Demario Douglas,WR,NE,101.3,136.1,171,0,0,0,0,0,5,28,0.2,109,70,790,3.1
204,Trey McBride,TE,ARI,100.1,138.3,176.5,0,0,0,0,0,0,0,0,98,76,754,4.2
205,Ty Chandler,RB,MIN,99.3,110.1,121,0,0,0,0,0,111,505,4.4,28,22,188,0.8
206,Jerome Ford,RB,CLE,99.1,113.7,128.3,0,0,0,0,0,131,558,2.9,38,29,202,1.2
207,Zach Charbonnet,RB,SEA,98.4,114,129.7,0,0,0,0,0,117,524,2.9,41,31,254,0.7
208,Dalton Schultz,TE,HOU,97.5,130.6,163.7,0,0,0,0,0,0,0,0,94,66,707,4.6
209,Dallas Goedert,TE,PHI,96.4,130.1,163.8,0,0,0,0,0,1,4,0,92,67,681,4.7
210,Cole Kmet,TE,CHI,96,129.4,162.8,0,0,0,0,0,3,12,0.2,83,67,681,4.4
211,Wan’Dale Robinson,WR,NYG,95,128.6,162.2,0,0,0,0,0,8,51,0.4,104,67,713,2.8
212,Dalton Kincaid,TE,BUF,94.2,132.3,170.4,0,0,0,0,0,0,0,0,98,76,667,4.7
213,Chuba Hubbard,RB,CAR,93.7,101.5,109.4,0,0,0,0,0,126,546,4.2,21,16,129,0.3
214,Rico Dowdle,RB,DAL,93.4,106.9,120.5,0,0,0,0,0,113,501,2.5,36,27,220,1.2
215,T.J. Hockenson,TE,MIN,92.4,128.8,165.2,0,0,0,0,0,0,0,0,98,73,746,3
216,Trey Benson,RB,ARI,92,104.8,117.6,0,0,0,0,0,111,471,3.5,34,26,190,0.9
217,Tyler Conklin,TE,NYJ,91.1,123.6,156,0,0,0,0,0,1,4,0,90,65,662,4.1
218,Pat Freiermuth,TE,PIT,90.7,121.8,153,0,0,0,0,0,0,0,0,90,62,685,3.8
219,Darnell Mooney,WR,ATL,90.6,114.5,138.5,0,0,0,0,0,2,12,0.1,77,48,686,3.5
220,Jonnu Smith,TE,MIA,90.6,122.6,154.7,0,0,0,0,0,1,5,0.1,86,64,672,3.9
221,J.K. Dobbins,RB,LAC,88.4,103.3,118.3,0,0,0,0,0,91,423,2,39,30,262,1.5
222,Michael Wilson,WR,ARI,87.4,112.2,136.9,0,0,0,0,0,0,0,0,78,50,683,3.3
223,Alexander Mattison,RB,LV,87.2,95.3,103.3,0,0,0,0,0,110,475,4.7,21,16,81,0.7
224,Blake Corum,RB,LAR,86.3,98.2,110.1,0,0,0,0,0,103,435,3.3,31,24,189,0.8
225,Sam Darnold,QB,MIN,85.3,85.3,85.3,129,187,1404,6.1,3.6,29,101,0.8,0,0,0,0
226,Dameon Pierce,RB,HOU,85.1,92.1,99,0,0,0,0,0,129,516,3.5,18,14,111,0.4
227,Rondale Moore,WR,ATL,84.9,105.4,125.9,0,0,0,0,0,25,153,1,65,41,499,2.4
228,Jameson Williams,WR,DET,83.9,107.6,131.3,0,0,0,0,0,3,19,0.2,77,47,627,3.1
229,Hunter Henry,TE,NE,83.2,113,142.7,0,0,0,0,0,0,0,0,86,60,619,3.6
230,Chigoziem Okonkwo,TE,TEN,83,113.4,143.7,0,0,0,0,0,2,9,0.1,88,61,648,2.9
231,Elijah Moore,WR,CLE,80.8,105.3,129.8,0,0,0,0,0,8,48,0.4,80,49,570,2.9
232,Kendre Miller,RB,NO,80.3,93.9,107.4,0,0,0,0,0,90,408,1.7,36,27,258,0.8
233,Xavier Worthy,WR,KC,79.7,101.7,123.6,0,0,0,0,0,0,0,0,69,44,579,3.7
234,Jahan Dotson,WR,WAS,79.6,104,128.3,0,0,0,0,0,0,0,0,80,49,594,3.4
235,Taysom Hill,TE,NO,78.5,92.6,106.7,21,31,242,1.2,0.7,63,301,2.3,37,28,255,1.6
236,Demarcus Robinson,WR,LAR,77.8,99.3,120.7,0,0,0,0,0,1,6,0,66,43,578,3.3
237,Braelon Allen,RB,NYJ,77.3,88,98.7,0,0,0,0,0,90,378,3.3,28,21,155,0.7
238,Rome Odunze,WR,CHI,77.3,100.3,123.3,0,0,0,0,0,0,0,0,70,46,585,3.2
239,AJ Dillon,RB,GB,76.5,84,91.6,0,0,0,0,0,103,433,3.3,20,15,119,0.3
240,Antonio Gibson,RB,NE,75.8,92.3,108.9,0,0,0,0,0,82,358,1.5,44,33,268,0.8
241,Rashod Bateman,WR,BAL,75,98.6,122.2,0,0,0,0,0,1,7,0,78,47,591,2.6
242,Jaleel McLaughlin,RB,DEN,74.7,89.4,104,0,0,0,0,0,70,332,1.5,39,29,259,1.2
243,Ray Davis,RB,BUF,74.2,85.2,96.3,0,0,0,0,0,83,332,3.5,29,22,162,0.7
244,Khalil Shakir,WR,BUF,71.5,89.9,108.4,0,0,0,0,0,0,0,0,56,37,551,2.8
245,Samaje Perine,RB,DEN,71.2,84.6,97.9,0,0,0,0,0,66,296,2.7,35,27,225,0.6
246,Clyde Edwards-Helaire,RB,KC,71.1,81.5,92.1,0,0,0,0,0,86,361,1.5,28,21,185,1.4
247,Darius Slayton,WR,NYG,71.1,90.6,110.1,0,0,0,0,0,0,0,0,62,39,544,2.8
248,Quentin Johnston,WR,LAC,70.6,92.7,114.8,0,0,0,0,0,3,17,0.1,72,44,521,2.8
249,Luke Musgrave,TE,GB,70.1,97.9,125.7,0,0,0,0,0,0,0,0,75,56,535,2.8
250,Brock Bowers,TE,LV,68.9,99.6,130.4,0,0,0,0,0,0,0,0,85,62,537,2.7
251,Justice Hill,RB,BAL,68.8,86,103.3,0,0,0,0,0,67,303,1.5,45,34,256,0.8
252,MarShawn Lloyd,RB,GB,67.7,78.6,89.6,0,0,0,0,0,78,329,2.3,29,22,166,0.7
253,Kimani Vidal,RB,LAC,67.1,76.3,85.5,0,0,0,0,0,95,377,2.1,24,18,133,0.6
254,Tank Bigsby,RB,JAC,66.8,73.1,79.5,0,0,0,0,0,84,356,3.8,17,13,71,0.4
255,Jamaal Williams,RB,NO,66.6,74.1,81.6,0,0,0,0,0,102,424,1.9,20,15,113,0.4
256,Juwan Johnson,TE,NO,66.1,89,111.9,0,0,0,0,0,0,0,0,67,46,489,2.9
257,Cade Otton,TE,TB,64.8,89.2,113.6,0,0,0,0,0,0,0,0,72,49,494,2.6
258,Elijah Mitchell,RB,SF,64.6,68.8,72.9,0,0,0,0,0,77,340,3.9,11,8,62,0.3
259,Kenneth Gainwell,RB,PHI,63.2,77.4,91.6,0,0,0,0,0,75,315,1,37,28,225,0.7
260,Dontayvion Wicks,WR,GB,63,80.6,98.1,0,0,0,0,0,1,4,0,54,35,475,2.5
261,Jermaine Burton,WR,CIN,62,79.8,97.5,0,0,0,0,0,0,0,0,57,35,458,2.8
262,Jalin Hyatt,WR,NYG,61.3,81.2,101.2,0,0,0,0,0,0,0,0,66,40,517,1.7
263,Greg Dortch,WR,ARI,60.6,80,99.4,0,0,0,0,0,1,5,0,59,39,456,2.4
264,Justin Watson,WR,KC,60.1,76.4,92.6,0,0,0,0,0,0,0,0,56,33,461,2.4
265,K.J. Osborn,WR,NE,59.7,81.6,103.4,0,0,0,0,0,0,0,0,73,44,465,2.3
266,Noah Fant,TE,SEA,59.4,81.7,103.9,0,0,0,0,0,0,0,0,60,44,480,2
267,Khalil Herbert,RB,CHI,58.6,66.3,74,0,0,0,0,0,71,325,1.6,20,15,126,0.7
268,Mike Gesicki,TE,CIN,58.5,78.8,99.1,0,0,0,0,0,0,0,0,62,41,415,2.9
269,Kylen Granson,TE,IND,56.8,76.5,96.2,0,0,0,0,0,1,4,0,59,39,419,2.4
270,Zach Ertz,TE,WAS,56.7,79,101.3,0,0,0,0,0,0,0,0,69,45,423,2.5
271,Gerald Everett,TE,CHI,56.3,77.1,97.9,0,0,0,0,0,2,7,0.1,58,42,396,2.6
272,Roschon Johnson,RB,CHI,56.1,65.2,74.2,0,0,0,0,0,46,200,3,24,18,149,0.6
273,Ja’Lynn Polk,WR,NE,56,74.1,92.2,0,0,0,0,0,0,0,0,60,36,428,2.3
274,Adonai Mitchell,WR,IND,55.7,72,88.2,0,0,0,0,0,0,0,0,53,33,397,2.7
275,Bucky Irving,RB,TB,55.3,60.3,65.5,0,0,0,0,0,80,336,2,13,10,78,0.3
276,Tanner Hudson,TE,CIN,55,77,99,0,0,0,0,0,0,0,0,58,44,435,2
277,Ricky Pearsall,WR,SF,54.7,70.4,86,0,0,0,0,0,0,0,0,49,31,410,2.4
278,Tyler Boyd,WR,TEN,54.4,74.7,95,0,0,0,0,0,2,11,0.1,65,41,434,1.6
279,Marvin Mims Jr.,WR,DEN,54.2,68.8,83.3,0,0,0,0,0,8,44,0.3,47,29,406,1.3
280,Aidan O’Connell,QB,LV,54,54,54,104,156,1078,5.3,2.7,5,1,0.1,0,0,0,0
281,Tutu Atwell,WR,LAR,53.5,67.5,81.4,0,0,0,0,0,2,15,0.1,45,28,393,2.1
282,Parris Campbell,WR,PHI,52.4,68.7,85.1,0,0,0,0,0,0,0,0,51,33,398,2.2
283,Miles Sanders,RB,CAR,51.9,58.9,65.9,0,0,0,0,0,77,321,1.5,19,14,93,0.4
284,Isaiah Likely,TE,BAL,51.9,67.2,82.5,0,0,0,0,0,0,0,0,43,31,343,3
285,Xavier Legette,WR,CAR,50.9,66.7,82.5,0,0,0,0,0,0,0,0,50,32,393,2
286,A.T. Perry,WR,NO,50.8,63.8,76.8,0,0,0,0,0,0,0,0,42,26,377,2.2
287,Kalif Raymond,WR,DET,50.7,62.9,75.2,0,0,0,0,0,6,40,0.3,37,24,355,1.6
288,Trey Sermon,RB,IND,50.1,55.6,61.1,0,0,0,0,0,80,349,1.5,14,11,58,0.3
289,Dawson Knox,TE,BUF,49.7,67.5,85.4,0,0,0,0,0,0,0,0,53,36,347,2.6
290,Chase Edmonds,RB,TB,49.2,57.6,65.9,0,0,0,0,0,73,303,0.9,22,17,122,0.3
291,Jalen McMillan,WR,TB,48.7,63.4,78.1,0,0,0,0,0,0,0,0,48,29,367,2.1
292,Austin Hooper,TE,NE,48.6,68.8,89,0,0,0,0,0,0,0,0,58,40,393,1.6
293,Roman Wilson,WR,PIT,48.5,62.8,77.1,0,0,0,0,0,0,0,0,47,29,354,2.3
294,Eric Gray,RB,NYG,48.2,56.5,64.8,0,0,0,0,0,47,196,2,22,17,132,0.7
295,Nelson Agholor,WR,BAL,47.4,60.7,74,0,0,0,0,0,0,0,0,43,27,346,2.2
296,Hayden Hurst,TE,LAC,46.8,63.7,80.6,0,0,0,0,0,0,0,0,51,34,328,2.4
297,Ja’Tavion Sanders,TE,CAR,46.6,67.9,89.3,0,0,0,0,0,0,0,0,61,43,361,1.8
298,Jalen Tolbert,WR,DAL,46.1,60,73.8,0,0,0,0,0,0,0,0,46,28,366,1.7
299,Luke McCaffrey,WR,WAS,45.9,60.5,75.1,0,0,0,0,0,0,0,0,48,29,350,1.9
300,Brandon Powell,WR,MIN,45.3,60.7,76.2,0,0,0,0,0,4,22,0.2,47,31,341,1.4
301,Jonathan Mingo,WR,CAR,45,62.6,80.2,0,0,0,0,0,0,0,0,60,35,371,1.4
302,Kavontae Turpin,WR,DAL,45,54.8,64.7,0,0,0,0,0,12,76,0.4,31,20,237,1.9
303,Calvin Austin III,WR,PIT,44.5,56.3,68.1,0,0,0,0,0,11,64,0.4,39,24,276,1.4
304,Donald Parham Jr.,TE,LAC,44.3,59.3,74.4,0,0,0,0,0,0,0,0,43,30,310,2.3
305,Troy Franklin,WR,DEN,43.3,57.2,71,0,0,0,0,0,0,0,0,45,28,331,1.8
306,Kevin Harris,RB,NE,41.9,42.6,43.3,0,0,0,0,0,62,278,2.2,2,1,13,0.1
307,Tim Patrick,WR,DEN,41.7,55.3,68.8,0,0,0,0,0,0,0,0,46,27,316,1.8
308,Tyrone Tracy Jr.,RB,NYG,41.6,48.1,54.7,0,0,0,0,0,47,188,2,17,13,83,0.5
309,Quez Watkins,WR,PIT,41.3,55.6,69.8,0,0,0,0,0,0,0,0,46,29,317,1.7
310,Tucker Kraft,TE,GB,41.1,57.1,73.2,0,0,0,0,0,0,0,0,45,32,294,2
311,Ben Sinnott,TE,WAS,40.8,59.2,77.5,0,0,0,0,0,0,0,0,53,37,315,1.6
312,Malachi Corley,WR,NYJ,40.6,52.6,64.6,0,0,0,0,0,0,0,0,41,24,294,1.9
313,Jelani Woods,TE,IND,39.2,54,68.8,0,0,0,0,0,0,0,0,41,30,296,1.7
314,Greg Dulcich,TE,DEN,39.1,53.6,68.1,0,0,0,0,0,0,0,0,42,29,305,1.5
315,Ainias Smith,WR,PHI,39,49.9,60.9,0,0,0,0,0,0,0,0,36,22,282,1.9
316,Ty Johnson,RB,BUF,38.1,44.7,51.4,0,0,0,0,0,41,193,0.7,17,13,110,0.7
317,Colby Parkinson,TE,LAR,37.5,51.2,64.9,0,0,0,0,0,0,0,0,38,27,261,1.9
318,Noah Gray,TE,KC,37,51,65,0,0,0,0,0,1,3,0,40,28,282,1.4
319,D’Onta Foreman,RB,CLE,36.4,39.2,42.1,0,0,0,0,0,42,185,2.1,7,6,44,0.2
320,Tre Tucker,WR,LV,36.4,45.4,54.4,0,0,0,0,0,8,49,0.4,29,18,235,1
321,D.J. Chark Jr.,WR,LAC,35.7,44.9,54.1,0,0,0,0,0,0,0,0,29,18,264,1.6
322,Treylon Burks,WR,TEN,35.7,46.2,56.6,0,0,0,0,0,3,21,0.2,35,21,268,1
323,Logan Thomas,TE,SF,33.8,46.2,58.7,0,0,0,0,0,1,2,0,35,25,245,1.5
324,Daniel Bellinger,TE,NYG,32.8,48.1,63.4,0,0,0,0,0,0,0,0,43,31,260,1.2
325,Will Dissly,TE,LAC,32.7,46.2,59.6,0,0,0,0,0,0,0,0,36,27,251,1.3
326,Cedrick Wilson,WR,NO,32.4,42.2,52,0,0,0,0,0,0,0,0,31,20,246,1.3
327,Jacoby Brissett,QB,NE,32.1,32.1,32.1,51,77,526,2.2,1.8,12,52,0.3,0,0,0,0
328,Michael Mayer,TE,LV,31.8,45.2,58.6,0,0,0,0,0,0,0,0,39,27,241,1.3
329,Craig Reynolds,RB,DET,31.1,33.1,35,0,0,0,0,0,34,157,1.9,5,4,35,0.1
330,Donovan Peoples-Jones,WR,DET,30.7,39.5,48.3,0,0,0,0,0,0,0,0,28,18,246,1
331,Ameer Abdullah,RB,LV,29.4,40.1,50.9,0,0,0,0,0,21,92,0,28,21,164,0.7
332,Kyle Juszczyk,RB,SF,28.9,38.9,48.8,0,0,0,0,0,9,36,0.5,26,20,166,1
333,Foster Moreau,TE,NO,28.9,39.8,50.7,0,0,0,0,0,0,0,0,30,22,212,1.3
334,Tommy Tremble,TE,CAR,27.8,38.9,50.1,0,0,0,0,0,0,0,0,33,22,209,1.2
335,Adam Trautman,TE,DEN,27.6,38.9,50.2,0,0,0,0,0,0,0,0,36,23,207,1.2
336,Nyheim Hines,RB,CLE,27.5,30.6,33.7,0,0,0,0,0,35,134,1.2,8,6,55,0.2
337,Jack Stoll,TE,NYG,27.3,39.1,51,0,0,0,0,0,0,0,0,39,24,183,1.6
338,Khadarel Hodge,WR,ATL,26.2,33.1,40,0,0,0,0,0,1,5,0,22,14,213,0.7
339,Royce Freeman,RB,DAL,25.4,27.7,29.9,0,0,0,0,0,32,145,1.1,6,4,35,0.2
340,Olamide Zaccheaus,WR,WAS,25.3,32.6,40,0,0,0,0,0,0,0,0,25,15,188,1.1
341,Trey Palmer,WR,TB,24.7,32.7,40.7,0,0,0,0,0,1,6,0,27,16,186,0.9
342,Lucas Krull,TE,DEN,24.5,35,45.5,0,0,0,0,0,0,0,0,32,21,186,1
343,Will Shipley,RB,PHI,24.1,25.8,27.5,0,0,0,0,0,38,152,1,5,3,25,0.1
344,Kendrick Bourne,WR,NE,24.1,31.7,39.3,0,0,0,0,0,0,1,0,24,15,184,1
345,Audric Estime,RB,DEN,23.9,27.6,31.2,0,0,0,0,0,30,120,1,10,7,48,0.2
346,Derius Davis,WR,LAC,23.8,29.2,34.6,0,0,0,0,0,11,67,0.3,17,11,120,0.6
347,Andrei Iosivas,WR,CIN,23.8,31.1,38.4,0,0,0,0,0,0,0,0,24,15,170,1.2
348,Tyler Higbee,TE,LAR,23.6,33.8,43.9,0,0,0,0,0,0,0,0,30,20,191,0.8
349,Michael Gallup,WR,LV,23.5,31.9,40.3,0,0,0,0,0,0,0,0,28,17,194,0.7
350,Ronnie Rivers,RB,LAR,23.2,25.4,27.4,0,0,0,0,0,34,157,0.6,5,4,35,0.2
351,Josh Whyle,TE,TEN,22.9,32.3,41.6,0,0,0,0,0,0,0,0,26,19,172,1
352,Kene Nwangwu,RB,MIN,22.8,23.8,24.7,0,0,0,0,0,34,141,1.2,3,2,13,0.1
353,Mack Hollins,WR,BUF,22.8,29.4,35.9,0,0,0,0,0,0,0,0,21,13,184,0.7
354,Jordan Akins,TE,CLE,22.5,32.1,41.6,0,0,0,0,0,0,0,0,28,19,188,0.7
355,Alec Pierce,WR,IND,22.4,28.4,34.5,0,0,0,0,0,0,0,0,20,12,162,1
356,Jordan Mason,RB,SF,22.2,23.7,25.1,0,0,0,0,0,34,158,0.6,4,3,25,0.1
357,Elijah Higgins,TE,ARI,22.1,31.5,40.8,0,0,0,0,0,0,0,0,25,19,165,1
358,Deonte Harty,WR,BAL,21.7,28.1,34.4,0,0,0,0,0,3,19,0.1,20,13,145,0.8
359,Trenton Irwin,WR,CIN,21.4,27.1,32.7,0,0,0,0,0,0,0,0,18,11,154,1
360,Tip Reiman,TE,ARI,20.8,30.4,40.1,0,0,0,0,0,0,0,0,29,19,148,1
361,Charlie Woerner,TE,ATL,20.5,28.7,36.9,0,0,0,0,0,0,0,0,24,16,144,1.1
362,Zay Jones,WR,ARI,20.4,27.3,34.3,0,0,0,0,0,0,0,0,22,14,149,0.9
363,Ross Dwelley,TE,ATL,20.4,28.6,36.9,0,0,0,0,0,0,0,0,24,17,154,0.9
364,Jeremy Ruckert,TE,NYJ,20.4,29.6,38.9,0,0,0,0,0,0,0,0,26,18,163,0.7
365,Nick Vannett,TE,TEN,20.1,29.7,39.3,0,0,0,0,0,0,0,0,30,19,149,0.9
366,Jalen Guyton,WR,LV,19.7,25.6,31.5,0,0,0,0,0,0,0,0,23,12,147,0.9
367,Joe Flacco,QB,IND,19.6,19.6,19.6,38,57,420,2.3,1.8,2,0,0,0,0,0,0
368,Andrew Beck,RB,HOU,19.5,26.5,33.5,0,0,0,0,0,8,31,0.3,18,14,98,0.8
369,Darnell Washington,TE,PIT,19.4,27.7,35.9,0,0,0,0,0,0,0,0,25,16,128,1.1
370,Justin Fields,QB,PIT,19.3,19.3,19.3,32,48,350,1.7,1,2,3,0,0,0,0,0
371,Chris Moore,WR,ARI,18.7,23.9,29.1,0,0,0,0,0,1,4,0,16,10,152,0.5
372,Pharaoh Brown,TE,SEA,18.5,25.2,31.8,0,0,0,0,0,0,0,0,17,13,143,0.7
373,Chris Rodriguez Jr.,RB,WAS,18.4,19.7,21,0,0,0,0,0,26,117,0.8,3,3,20,0.1
374,D’Ernest Johnson,RB,JAC,18.1,20.8,23.4,0,0,0,0,0,26,103,0.4,7,5,48,0.1
375,Josh Oliver,TE,MIN,17.9,24.9,31.8,0,0,0,0,0,0,0,0,19,14,136,0.7
376,Drew Lock,QB,NYG,17.8,17.8,17.8,34,51,342,1.8,1.4,2,1,0,0,0,0,0
377,Patrick Ricard,RB,BAL,17.8,25.7,33.7,0,0,0,0,0,2,5,0.1,21,16,118,0.9
378,AJ Barner,TE,SEA,17.7,25.8,33.9,0,0,0,0,0,0,0,0,24,16,127,0.9
379,Dyami Brown,WR,WAS,17.5,21.9,26.2,0,0,0,0,0,1,3,0,16,9,131,0.7
380,Trent Sherfield,WR,MIN,17.2,23.4,29.5,0,0,0,0,0,0,0,0,21,12,137,0.6
381,Marquez Valdes-Scantling,WR,BUF,16.8,21.6,26.5,0,0,0,0,0,0,0,0,17,10,134,0.6
382,Braxton Berrios,WR,MIA,16.7,22.7,28.8,0,0,0,0,0,1,4,0,19,12,138,0.4
383,Laviska Shenault Jr.,WR,SEA,16.5,20.5,24.6,0,0,0,0,0,6,34,0.2,12,8,96,0.4
384,Robert Tonyan,TE,MIN,16.3,23.5,30.8,0,0,0,0,0,0,0,0,21,15,129,0.6
385,Jamison Crowder,WR,WAS,16.2,21.7,27.1,0,0,0,0,0,0,0,0,18,11,130,0.6
386,Tyler Scott,WR,CHI,16.2,20.4,24.7,0,0,0,0,0,3,20,0.2,14,9,99,0.5
387,Brevin Jordan,TE,HOU,16.2,21.6,27,0,0,0,0,0,0,0,0,14,11,120,0.7
388,Josh Reynolds,WR,DEN,16.1,21,25.9,0,0,0,0,0,0,0,0,16,10,122,0.7
389,Jake Bobo,WR,SEA,15.9,20.8,25.6,0,0,0,0,0,1,3,0,15,10,123,0.6
390,Brock Wright,TE,DET,15.9,22.7,29.4,0,0,0,0,0,0,0,0,18,14,117,0.7
391,Alec Ingold,RB,MIA,15.7,23.2,30.8,0,0,0,0,0,3,11,0,20,15,118,0.5
392,Drew Sample,TE,CIN,15.7,23.6,31.5,0,0,0,0,0,0,0,0,22,16,117,0.7
393,Theo Johnson,TE,NYG,15.7,23.3,30.9,0,0,0,0,0,0,0,0,24,15,113,0.8
394,Emari Demercado,RB,ARI,15.4,17.5,19.7,0,0,0,0,0,23,109,0.2,6,4,29,0.1
395,Luke Farrell,TE,JAC,15.4,21.5,27.6,0,0,0,0,0,0,0,0,16,12,112,0.7
396,Robert Burns,RB,ATL,15.3,21.7,28.1,0,0,0,0,0,5,18,0.2,17,13,93,0.6
397,Israel Abanikanda,RB,NYJ,15.2,16.3,17.5,0,0,0,0,0,20,88,0.7,3,2,17,0.1
398,Antoine Green,WR,DET,15.2,19.9,24.6,0,0,0,0,0,0,0,0,16,9,115,0.6
399,Noah Brown,WR,HOU,15.1,19,23,0,0,0,0,0,0,1,0,12,8,115,0.6
400,Sterling Shepard,WR,TB,15,20.1,25.1,0,0,0,0,0,0,0,0,17,10,110,0.7
401,Jaylen Wright,RB,MIA,14.9,16.1,17.2,0,0,0,0,0,20,86,0.7,3,2,18,0.1
402,Juju Smith-Schuster,WR,NE,14.5,19.9,25.2,0,0,0,0,0,0,0,0,17,11,115,0.5
403,Tyquan Thornton,WR,NE,14.5,19.6,24.7,0,0,0,0,0,1,8,0.1,18,10,110,0.4
404,Brenton Strange,TE,JAC,14.4,20.5,26.5,0,0,0,0,0,0,0,0,18,12,94,0.9
405,Keaton Mitchell,RB,BAL,13.9,15.2,16.6,0,0,0,0,0,18,89,0.3,4,3,26,0.1
406,Xavier Gipson,WR,NYJ,13.9,17.5,21.1,0,0,0,0,0,2,13,0.1,12,7,90,0.5
407,Equanimeous St. Brown,WR,NO,13.9,18,22.1,0,0,0,0,0,0,0,0,13,8,116,0.4
408,Keith Kirkwood,WR,BAL,13.7,17.9,22,0,0,0,0,0,0,0,0,14,8,97,0.7
409,Mo Alie-Cox,TE,IND,13.7,18.6,23.5,0,0,0,0,0,0,0,0,15,10,94,0.7
410,John Bates,TE,WAS,13.6,19.3,25,0,0,0,0,0,0,0,0,18,11,97,0.7
411,Jase McClellan,RB,ATL,13.5,14.8,16,0,0,0,0,0,19,76,0.6,3,2,18,0.1
412,Jacob Saylors,RB,NYG,13.1,14.5,16,0,0,0,0,0,16,66,0.7,4,3,18,0.1
413,Kyle Trask,QB,TB,12.6,12.6,12.6,18,26,199,1,0.7,3,7,0,0,0,0,0
414,Mitchell Wilcox,TE,NE,12.6,18.7,24.7,0,0,0,0,0,0,0,0,18,12,94,0.6
415,Kenny McIntosh,RB,SEA,12.5,13.8,15.2,0,0,0,0,0,17,68,0.5,4,3,20,0.1
416,Jason Brownlee,WR,NYJ,12.3,15.8,19.3,0,0,0,0,0,0,0,0,12,7,90,0.5
417,Michael Penix Jr.,QB,ATL,12.2,12.2,12.2,16,24,189,1.1,0.7,1,-1,0,0,0,0,0
418,Hunter Luepke,RB,DAL,11.9,14.9,18,0,0,0,0,0,10,39,0.4,8,6,49,0.2
419,Cedric Tillman,WR,CLE,11.9,15.9,20,0,0,0,0,0,0,2,0,13,8,89,0.5
420,Allen Lazard,WR,NYJ,11.9,15.6,19.3,0,0,0,0,0,0,0,0,12,7,96,0.4
421,Dylan Laube,RB,LV,11.8,12.8,13.8,0,0,0,0,0,16,63,0.6,3,2,13,0.1
422,Jalen Nailor,WR,MIN,11.8,15.8,19.7,0,0,0,0,0,0,0,0,13,8,95,0.4
423,Troy Hairston,RB,HOU,11.7,17,22.3,0,0,0,0,0,3,11,0.1,14,11,73,0.5
424,Peyton Hendershot,TE,DAL,11.6,15.9,20.3,0,0,0,0,0,1,2,0,13,9,74,0.7
425,David Bell,WR,CLE,11.5,14.9,18.4,0,0,0,0,0,0,0,0,11,7,81,0.6
426,Stephen Sullivan,TE,CAR,11.2,15.4,19.6,0,0,0,0,0,0,0,0,13,8,90,0.4
427,Luke Schoonmaker,TE,DAL,11.2,15.8,20.5,0,0,0,0,0,0,0,0,14,9,69,0.7
428,Scotty Miller,WR,PIT,11.1,14.2,17.3,0,0,0,0,0,0,0,0,10,6,82,0.5
429,Michael Burton,RB,DEN,11,15,19,0,0,0,0,0,9,38,0,11,8,53,0.3
430,Khari Blasingame,RB,CHI,10.9,14.4,17.9,0,0,0,0,0,15,54,0,9,7,47,0.2
431,Devin Duvernay,WR,JAC,10.7,13.8,16.8,0,0,0,0,0,1,9,0.1,10,6,75,0.3
432,Deneric Prince,RB,KC,10.6,11.9,13,0,0,0,0,0,14,57,0.5,3,2,18,0.1
433,Robert Woods,WR,HOU,10.4,13.8,17.2,0,0,0,0,0,0,1,0,11,7,76,0.5
434,Jauan Jennings,WR,SF,10.3,13.6,16.9,0,0,0,0,0,0,0,0,10,7,84,0.3
435,Mecole Hardman Jr.,WR,KC,10.2,13.4,16.6,0,0,0,0,0,0,1,0,10,6,76,0.4
436,Nate Adkins,TE,DEN,10.2,15.2,20.2,0,0,0,0,0,0,0,0,15,10,78,0.4
437,D.J. Montgomery,WR,IND,9.9,13.2,16.4,0,0,0,0,0,0,0,0,11,6,73,0.5
438,Trayveon Williams,RB,CIN,9.7,12.2,14.7,0,0,0,0,0,12,50,0,7,5,37,0.2
439,Van Jefferson,WR,PIT,9.7,13,16.2,0,0,0,0,0,0,1,0,11,7,80,0.3
440,Tim Jones,WR,JAC,9.5,13.3,17,0,0,0,0,0,0,0,0,12,7,79,0.3
441,Mason Rudolph,QB,TEN,9.4,9.4,9.4,16,24,166,1,0.4,1,1,0,0,0,0,0
442,Johnny Mundt,TE,MIN,9.3,13.4,17.5,0,0,0,0,0,0,0,0,11,8,72,0.4
443,Velus Jones Jr.,WR,CHI,9.2,11,12.7,0,0,0,0,0,4,25,0.2,6,3,45,0.2
444,Giovanni Ricci,TE,CLE,9.2,13.3,17.5,0,0,0,0,0,0,0,0,12,8,68,0.4
445,Kadarius Toney,WR,KC,9,11.7,14.4,0,0,0,0,0,2,10,0.1,8,5,57,0.3
446,Irv Smith Jr.,TE,KC,8.9,12.4,15.9,0,0,0,0,0,0,0,0,11,7,57,0.5
447,Jalen Cropper,WR,DAL,8.8,11.1,13.5,0,0,0,0,0,0,0,0,8,5,63,0.4
448,David Durden,WR,DAL,8.8,11.1,13.5,0,0,0,0,0,0,0,0,8,5,63,0.4
449,Zach Pascal,WR,ARI,8.8,11.8,14.9,0,0,0,0,0,0,0,0,10,6,63,0.4
450,Chase Claypool,WR,BUF,8.7,11.6,14.5,0,0,0,0,0,0,0,0,9,6,70,0.3
451,C.J. Uzomah,TE,PHI,8.6,11.9,15.2,0,0,0,0,0,0,0,0,9,7,61,0.4
452,River Cracraft,WR,MIA,8.5,10.9,13.3,0,0,0,0,0,0,0,0,8,5,63,0.4
453,Davis Allen,TE,LAR,8.5,12.4,16.2,0,0,0,0,0,0,0,0,10,8,66,0.3
454,Rakim Jarrett,WR,TB,8.3,10.9,13.5,0,0,0,0,0,1,3,0,9,5,65,0.2
455,Nick Bawden,RB,NYJ,8.2,11,13.9,0,0,0,0,0,5,17,0.2,7,6,45,0.2
456,Adam Prentice,RB,NO,8.1,11.9,15.8,0,0,0,0,0,3,15,0.1,10,8,49,0.2
457,Evan Hull,RB,IND,8.1,9.2,10.3,0,0,0,0,0,10,41,0.3,3,2,16,0.1
458,MyCole Pruitt,TE,PIT,8.1,11,13.9,0,0,0,0,0,0,0,0,8,6,58,0.4
459,Teagan Quitoriano,TE,HOU,8.1,11.3,14.4,0,0,0,0,0,0,0,0,9,6,58,0.4
460,Parker Washington,WR,JAC,7.7,10.3,12.8,0,0,0,0,0,0,0,0,9,5,59,0.3
461,Kenny Yeboah,TE,NYJ,7.7,11.2,14.7,0,0,0,0,0,0,0,0,10,7,56,0.4
462,Charlie Jones,WR,CIN,7.2,9.4,11.6,0,0,0,0,0,0,0,0,7,4,58,0.2
463,Dare Ogunbowale,RB,HOU,6.8,8.7,10.7,0,0,0,0,0,8,34,0,5,4,30,0.1
464,Jalen Brooks,WR,DAL,6.8,9.1,11.3,0,0,0,0,0,0,0,0,7,4,57,0.2
465,Connor Heyward,TE,PIT,6.7,9.5,12.3,0,0,0,0,0,0,1,0,8,6,50,0.3
466,C.J. Ham,RB,MIN,6.5,10.8,15.2,0,0,0,0,0,1,6,0,11,9,52,0.1
467,Rasheen Ali,RB,BAL,6.5,7,7.6,0,0,0,0,0,9,36,0.3,2,1,9,0
468,Kwamie Lassiter II,WR,CIN,6.2,8.4,10.5,0,0,0,0,0,0,0,0,7,4,50,0.2
469,Payne Durham,TE,TB,6.2,8.9,11.6,0,0,0,0,0,0,0,0,8,5,48,0.2
470,Isaiah McKenzie,WR,NYG,6.1,8.5,10.9,0,0,0,0,0,1,4,0,8,5,45,0.2
471,John FitzPatrick,TE,ATL,6,8.7,11.3,0,0,0,0,0,0,0,0,7,5,41,0.3
472,Ko Kieft,TE,TB,5.9,8.4,10.8,0,0,0,0,0,0,0,0,8,5,40,0.3
473,Ben Sims,TE,GB,5.8,8.1,10.4,0,0,0,0,0,0,0,0,7,5,37,0.3
474,Tanner McLachlan,TE,CIN,5.8,8.5,11.1,0,0,0,0,0,0,0,0,8,5,42,0.3
475,Jordan Whittington,WR,LAR,5.7,7.2,8.8,0,0,0,0,0,0,0,0,5,3,42,0.3
476,Elijah Cooks,WR,JAC,5.7,7.4,9.1,0,0,0,0,0,0,0,0,6,3,43,0.2
477,Kyle Philips,WR,TEN,5.6,7.5,9.4,0,0,0,0,0,0,0,0,6,4,45,0.2
478,Brandon Johnson,WR,DEN,5.6,7.2,8.8,0,0,0,0,0,0,0,0,5,3,42,0.2
479,Xavier Smith,WR,LAR,5.4,6.9,8.3,0,0,0,0,0,0,0,0,5,3,39,0.2
480,DeAndre Carter,WR,CHI,5.3,6.7,8.1,0,0,0,0,0,1,7,0.1,4,3,33,0.2
481,Hunter Long,TE,LAR,5.3,7.7,10.2,0,0,0,0,0,0,0,0,7,5,38,0.3
482,Tre’Quan Smith,WR,DET,5.2,6.6,8,0,0,0,0,0,0,0,0,4,3,37,0.3
483,Josiah Deguara,TE,JAC,5.2,7.5,9.8,0,0,0,0,0,0,0,0,7,5,38,0.2
484,Tyler Johnson,WR,LAR,5.1,6.6,8,0,0,0,0,0,0,0,0,5,3,39,0.2
485,Durham Smythe,TE,MIA,4.9,7,9.1,0,0,0,0,0,0,0,0,6,4,39,0.2
486,Quintin Morris,TE,BUF,4.9,6.9,9,0,0,0,0,0,0,0,0,6,4,34,0.3
487,Grant Calcaterra,TE,PHI,4.8,6.8,8.8,0,0,0,0,0,0,0,0,5,4,36,0.2
488,Isaiah Hodgins,WR,NYG,4.7,6.2,7.6,0,0,0,0,0,0,0,0,5,3,35,0.2
489,Allen Robinson II,WR,NYG,4.7,6.4,8.1,0,0,0,0,0,0,0,0,6,3,36,0.2
490,Stanley Morgan,WR,NO,4.6,6,7.3,0,0,0,0,0,0,0,0,4,3,35,0.2
491,Tanner Conner,TE,MIA,4.6,6.6,8.6,0,0,0,0,0,0,0,0,6,4,34,0.2
492,Jack Westover,TE,SEA,4.5,6.5,8.6,0,0,0,0,0,0,0,0,6,4,32,0.2
493,John Metchie III,WR,HOU,4.4,5.9,7.3,0,0,0,0,0,0,0,0,5,3,34,0.2
494,Skyy Moore,WR,KC,4.3,5.6,7,0,0,0,0,0,0,1,0,4,3,31,0.2
495,Ian Thomas,TE,CAR,4.3,6.1,7.9,0,0,0,0,0,0,0,0,5,4,32,0.2
496,Jaheim Bell,TE,NE,4.3,6.4,8.5,0,0,0,0,0,0,0,0,7,4,32,0.2
497,Albert Okwuegbunam,TE,PHI,4.3,6.1,7.9,0,0,0,0,0,0,0,0,5,4,30,0.2
498,Blake Whiteheart,TE,ARI,4.3,6.3,8.3,0,0,0,0,0,0,0,0,6,4,31,0.2
499,Kendric Pryor,WR,CIN,4.2,5.5,6.7,0,0,0,0,0,0,0,0,4,2,31,0.2
500,Tom Kennedy,WR,DET,4.2,5.3,6.4,0,0,0,0,0,0,0,0,4,2,29,0.2
501,Isaiah Williams,WR,DET,4.2,5.3,6.4,0,0,0,0,0,0,0,0,4,2,30,0.2
502,Kayshon Boutte,WR,NE,4.2,5.7,7.2,0,0,0,0,0,0,0,0,5,3,33,0.2
503,Daurice Fountain,WR,DET,4.2,5.3,6.4,0,0,0,0,0,0,0,0,4,2,30,0.2
504,Reggie Gilliam,RB,BUF,4.1,6.2,8.2,0,0,0,0,0,0,1,0,5,4,33,0.1
505,Bub Means,WR,NO,4.1,5.3,6.5,0,0,0,0,0,0,0,0,4,2,31,0.2
506,Nick Westbrook-Ikhine,WR,TEN,4.1,5.2,6.5,0,0,0,0,0,0,0,0,4,2,31,0.2
507,Sean Ryan,WR,BAL,4.1,5.3,6.5,0,0,0,0,0,0,0,0,4,2,29,0.2
508,Harrison Bryant,TE,LV,4.1,5.7,7.2,0,0,0,0,0,1,3,0,5,3,27,0.2
509,Julian Hill,TE,MIA,4.1,6,8,0,0,0,0,0,0,0,0,6,4,30,0.2
510,Zaire Mitchell-Paden,TE,CLE,4.1,6,7.9,0,0,0,0,0,0,0,0,6,4,30,0.2
511,Ben Skowronek,WR,HOU,4,5.1,6.3,0,0,0,0,0,0,2,0,4,2,28,0.2
512,Brenden Rice,WR,LAC,3.9,5,6.1,0,0,0,0,0,0,0,0,4,2,28,0.2
513,Cornelius Johnson,WR,LAC,3.9,5,6.1,0,0,0,0,0,0,0,0,4,2,28,0.2
514,Charlie Kolar,TE,BAL,3.9,5.6,7.3,0,0,0,0,0,0,0,0,5,3,28,0.2
515,Cade Stover,TE,HOU,3.9,5.6,7.3,0,0,0,0,0,0,0,0,5,3,27,0.2
516,Ryan Flournoy,WR,DAL,3.8,4.7,5.8,0,0,0,0,0,0,0,0,3,2,27,0.2
517,Miles Boykin,WR,NYG,3.8,5.1,6.3,0,0,0,0,0,0,0,0,5,3,30,0.1
518,Justyn Ross,WR,KC,3.7,5,6.3,0,0,0,0,0,0,0,0,4,3,30,0.1
519,Lil’Jordan Humphrey,WR,DEN,3.7,4.8,6,0,0,0,0,0,0,0,0,4,2,27,0.2
520,Ashton Dulin,WR,IND,3.6,4.6,5.7,0,0,0,0,0,0,0,0,3,2,26,0.2
521,Alex Bachman,WR,LV,3.6,4.8,5.9,0,0,0,0,0,0,0,0,4,2,27,0.2
522,Cody Thompson,WR,TB,3.6,4.7,5.9,0,0,0,0,0,0,0,0,4,2,28,0.1
523,Trent Taylor,WR,SF,3.5,4.5,5.5,0,0,0,0,0,1,3,0,3,2,23,0.1
524,Simi Fehoko,WR,LAC,3.5,4.5,5.6,0,0,0,0,0,0,0,0,4,2,25,0.2
525,Tylan Wallace,WR,BAL,3.4,4.4,5.4,0,0,0,0,0,0,0,0,3,2,25,0.1
526,Brady Russell,TE,SEA,3.4,5,6.5,0,0,0,0,0,0,0,0,5,3,24,0.2
527,Dalton Keene,TE,HOU,3.4,5,6.5,0,0,0,0,0,0,0,0,4,3,24,0.2
528,Marquez Callaway,WR,PIT,3.3,4.4,5.4,0,0,0,0,0,0,0,0,3,2,24,0.2
529,James Proche,WR,CLE,3.3,4.4,5.6,0,0,0,0,0,0,0,0,4,2,26,0.1
530,Jalen Reagor,WR,NE,3.3,4.6,5.9,0,0,0,0,0,0,0,0,4,3,27,0.1
531,Tanner Taula,TE,TB,3.2,4.7,6.1,0,0,0,0,0,0,0,0,4,3,24,0.1
532,Devin Culp,TE,TB,3.2,4.7,6.1,0,0,0,0,0,0,0,0,4,3,24,0.1
533,Carson Wentz,QB,KC,3.1,3.1,3.1,4,5,42,0.3,0.2,1,2,0,0,0,0,0
534,Tyrion Davis-Price,RB,PHI,3.1,3.1,3.1,0,0,0,0,0,5,23,0.1,0,0,0,0
535,D.J. Turner,WR,LV,3.1,4.1,5.1,0,0,0,0,0,0,0,0,3,2,23,0.1
536,Erik Ezukanma,WR,MIA,3.1,3.8,4.5,0,0,0,0,0,1,5,0,2,1,18,0.1
537,Kristian Wilkerson,WR,LV,3.1,4,5,0,0,0,0,0,0,0,0,3,2,23,0.1
538,Jared Wiley,TE,KC,3.1,4.4,5.7,0,0,0,0,0,0,0,0,4,3,22,0.2
539,Jake Browning,QB,CIN,3,3,3,4,6,45,0.3,0.1,0,0,0,0,0,0,0
540,Avery Williams,RB,ATL,3,3.2,3.5,0,0,0,0,0,4,17,0.1,1,0,4,0
541,Anthony Schwartz,WR,MIA,3,3.8,4.6,0,0,0,0,0,0,0,0,3,2,23,0.1
542,Tyler Davis,TE,GB,3,4.3,5.5,0,0,0,0,0,0,0,0,4,3,21,0.2
543,Trey Lance,QB,DAL,2.9,2.9,2.9,4,6,46,0.3,0.2,0,0,0,0,0,0,0
544,Joshua Dobbs,QB,SF,2.9,2.9,2.9,4,6,53,0.3,0.1,0,0,0,0,0,0,0
545,Chris Conley,WR,SF,2.9,3.8,4.5,0,0,0,0,0,0,0,0,3,2,22,0.1
546,Devontez Walker,WR,BAL,2.9,3.8,4.6,0,0,0,0,0,0,0,0,3,2,21,0.1
547,Eric Saubert,TE,SF,2.9,4.1,5.4,0,0,0,0,0,0,0,0,4,2,21,0.1
548,Gerrit Prince,TE,KC,2.9,4.2,5.4,0,0,0,0,0,0,0,0,4,3,20,0.1
549,Davis Mills,QB,HOU,2.8,2.8,2.8,4,6,48,0.3,0.2,0,0,0,0,0,0,0
550,Mike White,QB,MIA,2.8,2.8,2.8,4,6,50,0.3,0.2,0,0,0,0,0,0,0
551,Sean Clifford,QB,GB,2.8,2.8,2.8,4,6,45,0.2,0.2,1,1,0,0,0,0,0
552,Carlos Washington,RB,ATL,2.8,3.1,3.3,0,0,0,0,0,4,16,0.1,1,0,4,0
553,Sean Tucker,RB,TB,2.8,3.1,3.3,0,0,0,0,0,4,18,0.1,1,0,4,0
554,Ethan Fernea,WR,IND,2.8,3.6,4.5,0,0,0,0,0,0,0,0,3,2,20,0.1
555,Dax Milne,WR,WAS,2.8,3.7,4.7,0,0,0,0,0,0,0,0,3,2,21,0.1
556,David Wells,TE,TB,2.8,4.1,5.5,0,0,0,0,0,0,0,0,4,3,20,0.1
557,Parker Hesse,TE,DET,2.8,4,5.2,0,0,0,0,0,0,0,0,3,2,20,0.1
558,Hendon Hooker,QB,DET,2.7,2.7,2.7,4,6,48,0.3,0.1,0,0,0,0,0,0,0
559,Sam Howell,QB,SEA,2.7,2.7,2.7,5,7,52,0.3,0.1,0,1,0,0,0,0,0
560,Juwann Winfree,WR,IND,2.7,3.5,4.4,0,0,0,0,0,0,0,0,3,2,20,0.1
561,Davion Davis,WR,WAS,2.7,3.6,4.5,0,0,0,0,0,0,0,0,3,2,21,0.1
562,Phillip Dorsett II,WR,DEN,2.7,3.6,4.6,0,0,0,0,0,0,0,0,3,2,22,0.1
563,Brycen Tremayne,WR,WAS,2.7,3.6,4.5,0,0,0,0,0,0,0,0,3,2,21,0.1
564,Marcus Rosemy-Jacksaint,WR,WAS,2.7,3.6,4.5,0,0,0,0,0,0,0,0,3,2,21,0.1
565,Kazmeir Allen,WR,WAS,2.7,3.6,4.5,0,0,0,0,0,0,0,0,3,2,21,0.1
566,Ryan Miller,WR,TB,2.7,3.6,4.4,0,0,0,0,0,0,0,0,3,2,20,0.1
567,Sean McKeon,TE,DET,2.7,3.8,4.9,0,0,0,0,0,0,0,0,3,2,17,0.2
568,Kenny Pickett,QB,PHI,2.6,2.6,2.6,4,5,43,0.2,0.1,0,0,0,0,0,0,0
569,Tyrod Taylor,QB,NYJ,2.6,2.6,2.6,5,7,50,0.2,0.1,0,1,0,0,0,0,0
570,Mac Jones,QB,JAC,2.6,2.6,2.6,4,6,48,0.2,0.1,0,0,0,0,0,0,0
571,Mitch Trubisky,QB,BUF,2.6,2.6,2.6,4,6,44,0.3,0.1,0,0,0,0,0,0,0
572,George Holani,RB,SEA,2.6,2.9,3.1,0,0,0,0,0,4,14,0.1,1,1,4,0
573,Ronnie Bell,WR,SF,2.6,3.4,4.2,0,0,0,0,0,0,0,0,3,2,19,0.1
574,Bo Melton,WR,GB,2.6,3.4,4.1,0,0,0,0,0,0,0,0,3,2,20,0.1
575,Jody Fortson,TE,MIA,2.6,3.7,4.8,0,0,0,0,0,0,0,0,3,2,19,0.1
576,Henry Pearson,TE,GB,2.6,3.7,4.8,0,0,0,0,0,0,0,0,3,2,18,0.1
577,Zach Davidson,TE,BUF,2.6,3.8,5,0,0,0,0,0,0,0,0,3,2,18,0.1
578,Josh Johnson,QB,BAL,2.5,2.5,2.5,4,6,44,0.3,0.1,0,0,0,0,0,0,0
579,Tyson Bagent,QB,CHI,2.5,2.5,2.5,4,5,41,0.2,0.2,0,1,0,0,0,0,0
580,Spencer Rattler,QB,NO,2.5,2.5,2.5,4,6,47,0.2,0.2,0,0,0,0,0,0,0
581,Easton Stick,QB,LAC,2.5,2.5,2.5,3,5,39,0.2,0.1,0,1,0,0,0,0,0
582,Keilan Robinson,RB,JAC,2.5,2.8,3,0,0,0,0,0,4,14,0.1,1,0,4,0
583,Mitchell Tinsley,WR,WAS,2.5,3.2,4,0,0,0,0,0,0,0,0,3,2,19,0.1
584,Jameis Winston,QB,CLE,2.4,2.4,2.4,4,6,47,0.2,0.1,0,0,0,0,0,0,0
585,Jimmy Garoppolo,QB,LAR,2.4,2.4,2.4,3,5,40,0.2,0.1,0,0,0,0,0,0,0
586,Elijah Dotson,RB,LAC,2.4,2.4,2.4,0,0,0,0,0,4,18,0.1,0,0,0,0
587,Hassan Haskins,RB,TEN,2.4,2.4,2.4,0,0,0,0,0,4,16,0.1,0,0,0,0
588,Malik Knowles,WR,MIN,2.4,3.2,3.9,0,0,0,0,0,0,0,0,3,2,18,0.1
589,Samori Toure,WR,GB,2.4,3.1,3.8,0,0,0,0,0,0,0,0,3,1,18,0.1
590,Lance McCutcheon,WR,NYJ,2.4,3.1,3.8,0,0,0,0,0,0,0,0,2,1,18,0.1
591,K.J. Hamler,WR,BUF,2.4,3.1,3.7,0,0,0,0,0,0,0,0,2,1,18,0.1
592,Xavier Hutchinson,WR,HOU,2.4,3.1,3.8,0,0,0,0,0,1,4,0,2,1,16,0.1
593,Travis Vokolek,TE,ARI,2.4,3.6,4.7,0,0,0,0,0,0,0,0,3,2,17,0.1
594,Desmond Ridder,QB,ARI,2.3,2.3,2.3,4,5,40,0.2,0.2,0,0,0,0,0,0,0
595,Dillon Johnson,RB,TEN,2.3,2.3,2.3,0,0,0,0,0,4,15,0.1,0,0,0,0
596,Myles Gaskin,RB,MIN,2.3,2.5,2.7,0,0,0,0,0,3,13,0.1,1,0,3,0
597,Seth Williams,WR,JAC,2.3,3,3.6,0,0,0,0,0,0,0,0,2,1,17,0.1
598,Dee Eskridge,WR,SEA,2.3,2.9,3.5,0,0,0,0,0,1,3,0,2,1,14,0.1
599,Bryan Thompson,WR,BUF,2.3,2.9,3.5,0,0,0,0,0,0,0,0,2,1,16,0.1
600,Tyrell Shavers,WR,BUF,2.3,2.9,3.5,0,0,0,0,0,0,0,0,2,1,16,0.1
601,Justin Shorter,WR,BUF,2.3,2.9,3.5,0,0,0,0,0,0,0,0,2,1,16,0.1
602,E.J. Jenkins,TE,PHI,2.3,3.3,4.4,0,0,0,0,0,0,0,0,3,2,16,0.1
603,Marcus Mariota,QB,WAS,2.2,2.2,2.2,4,6,41,0.2,0.1,0,0,0,0,0,0,0
604,Jeremy McNichols,RB,WAS,2.2,2.5,2.7,0,0,0,0,0,3,12,0.1,1,0,3,0
605,Michael Wiley,RB,WAS,2.2,2.5,2.7,0,0,0,0,0,3,12,0.1,1,0,3,0
606,DeWayne McBride,RB,MIN,2.2,2.4,2.6,0,0,0,0,0,3,12,0.1,1,0,3,0
607,Tahj Washington,WR,MIA,2.2,2.8,3.5,0,0,0,0,0,0,0,0,2,1,16,0.1
608,Easop Winston Jr.,WR,SEA,2.2,2.8,3.4,0,0,0,0,0,0,0,0,2,1,16,0.1
609,Tyler Mabry,TE,SEA,2.2,3.3,4.3,0,0,0,0,0,0,0,0,3,2,16,0.1
610,Marcedes Lewis,TE,CHI,2.2,3,3.9,0,0,0,0,0,0,0,0,2,2,16,0.1
611,Andy Dalton,QB,CAR,2.1,2.1,2.1,5,8,52,0.2,0.1,0,0,0,0,0,0,0
612,Zach Wilson,QB,DEN,2.1,2.1,2.1,4,6,42,0.2,0.1,0,1,0,0,0,0,0
613,Emani Bailey,RB,KC,2.1,2.4,2.6,0,0,0,0,0,3,11,0.1,1,1,4,0
614,Shedrick Jackson,WR,CIN,2.1,2.8,3.5,0,0,0,0,0,0,0,0,2,1,17,0.1
615,Michael Woods II,WR,CLE,2.1,2.8,3.4,0,0,0,0,0,0,0,0,2,1,16,0.1
616,Dareke Young,WR,SEA,2.1,2.8,3.5,0,0,0,0,0,0,0,0,2,1,16,0.1
617,Steven Sims Jr.,WR,HOU,2.1,2.7,3.3,0,0,0,0,0,0,1,0,2,1,15,0.1
618,Zack Kuntz,TE,NYJ,2.1,3.1,4,0,0,0,0,0,0,0,0,3,2,15,0.1
619,Zach Gentry,TE,LV,2.1,3.1,4.2,0,0,0,0,0,0,0,0,3,2,16,0.1
620,Miller Forristall,TE,LAR,2.1,3.1,4,0,0,0,0,0,0,0,0,3,2,16,0.1
621,Nikola Kalinic,TE,LAR,2.1,3,4,0,0,0,0,0,0,0,0,3,2,15,0.1
622,Brittain Brown,RB,LV,2,2,2,0,0,0,0,0,3,13,0.1,0,0,0,0
623,Sincere McCormick,RB,LV,2,2,2,0,0,0,0,0,3,13,0.1,0,0,0,0
624,Jaret Patterson,RB,LAC,2,2,2,0,0,0,0,0,4,15,0.1,0,0,0,0
625,Jashaun Corbin,RB,NYG,2,2.2,2.5,0,0,0,0,0,2,9,0.1,1,1,5,0
626,Daniel Arias,WR,ARI,2,2.6,3.2,0,0,0,0,0,0,0,0,2,1,14,0.1
627,Xavier Weaver,WR,ARI,2,2.6,3.2,0,0,0,0,0,0,0,0,2,1,14,0.1
628,Mason Kinsey,WR,TEN,2,2.7,3.4,0,0,0,0,0,0,0,0,2,1,15,0.1
629,Boston Scott,RB,LAR,1.9,1.9,1.9,0,0,0,0,0,4,16,0.1,0,0,0,0
630,JaMycal Hasty,RB,NE,1.9,2.1,2.4,0,0,0,0,0,2,10,0.1,1,0,3,0
631,Irvin Charles,WR,NYJ,1.9,2.5,3.1,0,0,0,0,0,0,0,0,2,1,14,0.1
632,Malik Heath,WR,GB,1.9,2.5,3.2,0,0,0,0,0,0,0,0,2,1,14,0.1
633,Trishton Jackson,WR,MIN,1.9,2.6,3.2,0,0,0,0,0,0,0,0,2,1,14,0.1
634,Dante Pettis,WR,CHI,1.9,2.5,3.1,0,0,0,0,0,0,0,0,2,1,14,0.1
635,Princeton Fant,TE,DAL,1.9,2.7,3.5,0,0,0,0,0,0,0,0,2,2,13,0.1
636,Brevyn Spann-Ford,TE,DAL,1.9,2.7,3.5,0,0,0,0,0,0,0,0,2,2,13,0.1
637,Jesper Horsted,TE,NO,1.9,2.8,3.6,0,0,0,0,0,0,0,0,3,2,13,0.1
638,Isaiah Spiller,RB,LAC,1.8,1.8,1.8,0,0,0,0,0,4,18,0,0,0,0,0
639,Chris Evans,RB,CIN,1.8,2,2.3,0,0,0,0,0,2,8,0.1,1,0,4,0
640,Racey McMath,WR,DAL,1.8,2.2,2.7,0,0,0,0,0,0,0,0,2,1,13,0.1
641,Jacob Harris,WR,PHI,1.8,2.3,2.8,0,0,0,0,0,0,0,0,2,1,13,0.1
642,Malik Taylor,WR,NYJ,1.8,2.4,3,0,0,0,0,0,0,0,0,2,1,14,0.1
643,N’Keal Harry,WR,MIN,1.8,2.3,2.9,0,0,0,0,0,0,0,0,2,1,14,0.1
644,Tarik Cohen,RB,NYJ,1.7,1.7,1.7,0,0,0,0,0,3,11,0.1,0,0,0,0
645,Lew Nichols,RB,PHI,1.7,1.7,1.7,0,0,0,0,0,3,13,0.1,0,0,0,0
646,Kendall Milton,RB,PHI,1.7,1.7,1.7,0,0,0,0,0,3,13,0.1,0,0,0,0
647,Zach Evans,RB,LAR,1.7,1.7,1.7,0,0,0,0,0,4,17,0,0,0,0,0
648,Xazavian Valladay,RB,NYJ,1.7,1.7,1.7,0,0,0,0,0,3,11,0.1,0,0,0,0
649,Isaiah Davis,RB,NYJ,1.7,1.7,1.7,0,0,0,0,0,3,11,0.1,0,0,0,0
650,Tyron Billy-Johnson,WR,DAL,1.7,2.2,2.8,0,0,0,0,0,0,0,0,2,1,12,0.1
651,Dan Chisena,WR,ARI,1.7,2.2,2.7,0,0,0,0,0,0,0,0,2,1,12,0.1
652,Jalen Virgil,WR,DEN,1.7,2.2,2.7,0,0,0,0,0,0,0,0,2,1,13,0.1
653,Andre Baccellia,WR,ARI,1.7,2.2,2.7,0,0,0,0,0,0,0,0,2,1,12,0.1
654,Rodney Williams II,TE,PIT,1.7,2.5,3.3,0,0,0,0,0,0,0,0,2,2,12,0.1
655,Jawhar Jordan,RB,HOU,1.6,1.6,1.6,0,0,0,0,0,3,11,0.1,0,0,0,0
656,J.J. Taylor,RB,HOU,1.6,1.6,1.6,0,0,0,0,0,3,11,0.1,0,0,0,0
657,Christopher Brooks,RB,MIA,1.6,1.6,1.6,0,0,0,0,0,4,16,0,0,0,0,0
658,Jeff Wilson Jr.,RB,MIA,1.6,1.6,1.6,0,0,0,0,0,3,14,0,0,0,0,0
659,Frank Gore Jr.,RB,BUF,1.6,1.6,1.6,0,0,0,0,0,3,10,0.1,0,0,0,0
660,Kawaan Baker,WR,NE,1.6,2.1,2.6,0,0,0,0,0,0,0,0,2,1,12,0.1
661,Devaughn Vele,WR,DEN,1.6,2.1,2.6,0,0,0,0,0,0,0,0,2,1,12,0.1
662,Nikko Remigio,WR,KC,1.6,2,2.5,0,0,0,0,0,0,0,0,1,1,11,0.1
663,James Mitchell,TE,DET,1.6,2.3,3,0,0,0,0,0,0,0,0,2,1,11,0.1
664,Tyler Goodson,RB,IND,1.5,1.7,1.9,0,0,0,0,0,2,11,0,1,0,3,0
665,Keaontay Ingram,RB,KC,1.5,1.8,2,0,0,0,0,0,3,11,0,1,1,4,0
666,Julius Chestnut,RB,TEN,1.5,1.5,1.5,0,0,0,0,0,2,10,0.1,0,0,0,0
667,Daijun Edwards,RB,PIT,1.5,1.5,1.5,0,0,0,0,0,3,11,0.1,0,0,0,0
668,Johnny Wilson,WR,PHI,1.5,1.9,2.3,0,0,0,0,0,0,0,0,1,1,11,0.1
669,Bryce Ford-Wheaton,WR,NYG,1.5,2,2.5,0,0,0,0,0,0,0,0,2,1,11,0.1
670,Austin Watkins Jr.,WR,PHI,1.5,1.9,2.3,0,0,0,0,0,0,0,0,1,1,11,0.1
671,Joseph Ngata,WR,PHI,1.5,1.9,2.3,0,0,0,0,0,0,0,0,1,1,11,0.1
672,Cody Schrader,RB,SF,1.4,1.4,1.4,0,0,0,0,0,2,9,0.1,0,0,0,0
673,Malik Davis,RB,DAL,1.4,1.4,1.4,0,0,0,0,0,2,10,0.1,0,0,0,0
674,Snoop Conner,RB,DAL,1.4,1.4,1.4,0,0,0,0,0,2,10,0.1,0,0,0,0
675,Isaac Guerendo,RB,SF,1.4,1.4,1.4,0,0,0,0,0,2,9,0.1,0,0,0,0
676,Collin Johnson,WR,CHI,1.4,1.9,2.4,0,0,0,0,0,0,0,0,2,1,11,0
677,Andy Isabella,WR,BUF,1.4,1.8,2.2,0,0,0,0,0,0,0,0,1,1,10,0.1
678,Ray-Ray McCloud,WR,ATL,1.4,1.9,2.2,0,0,0,0,0,0,1,0,1,1,11,0
679,Dennis Houston,WR,NYG,1.4,1.9,2.3,0,0,0,0,0,0,0,0,2,1,10,0.1
680,David Sills V,WR,DEN,1.4,1.8,2.2,0,0,0,0,0,0,0,0,1,1,10,0.1
681,Dallin Holker,TE,NO,1.4,2.2,2.8,0,0,0,0,0,0,0,0,2,1,11,0.1
682,Tommy Hudson,TE,NO,1.4,2.2,2.8,0,0,0,0,0,0,0,0,2,1,11,0.1
683,Sione Vaki,RB,DET,1.3,1.3,1.3,0,0,0,0,0,2,9,0.1,0,0,0,0
684,Jermar Jefferson,RB,DET,1.3,1.3,1.3,0,0,0,0,0,2,9,0.1,0,0,0,0
685,Kaden Davis,WR,DET,1.3,1.6,1.9,0,0,0,0,0,0,0,0,1,1,9,0.1
686,Daylen Baldwin,WR,ATL,1.3,1.6,1.9,0,0,0,0,0,0,0,0,1,1,9,0.1
687,Terrace Marshall Jr.,WR,CAR,1.3,1.8,2.3,0,0,0,0,0,0,0,0,2,1,11,0
688,Malik Washington,WR,MIA,1.3,1.7,2.1,0,0,0,0,0,0,0,0,1,1,10,0.1
689,David Moore,WR,CAR,1.3,1.6,2,0,0,0,0,0,0,0,0,1,1,10,0
690,Cole Fotheringham,TE,LV,1.3,2,2.6,0,0,0,0,0,0,0,0,2,1,10,0.1
691,Travis Homer,RB,CHI,1.2,1.2,1.2,0,0,0,0,0,2,7,0.1,0,0,0,0
692,Tony Jones Jr.,RB,ARI,1.2,1.2,1.2,0,0,0,0,0,2,7,0.1,0,0,0,0
693,Deuce Vaughn,RB,DAL,1.2,1.2,1.2,0,0,0,0,0,3,10,0,0,0,0,0
694,Owen Wright,RB,BAL,1.2,1.2,1.3,0,0,0,0,0,2,7,0.1,0,0,1,0
695,Gunner Olszewski,WR,NYG,1.2,1.7,2,0,0,0,0,0,0,0,0,1,1,9,0.1
696,Britain Covey,WR,PHI,1.2,1.6,1.9,0,0,0,0,0,0,0,0,1,1,9,0.1
697,Josh Ali,WR,ATL,1.2,1.5,1.8,0,0,0,0,0,0,0,0,1,1,8,0.1
698,Austin Mack,WR,ATL,1.2,1.5,1.8,0,0,0,0,0,0,0,0,1,1,8,0.1
699,Cordarrelle Patterson,RB,PIT,1.1,1.1,1.1,0,0,0,0,0,2,8,0.1,0,0,0,0
700,Darrynton Evans,RB,BUF,1.1,1.1,1.1,0,0,0,0,0,2,9,0,0,0,0,0
701,Pierre Strong Jr.,RB,CLE,1.1,1.1,1.1,0,0,0,0,0,2,8,0,0,0,0,0
702,Jaden Shirden,RB,CAR,1.1,1.1,1.1,0,0,0,0,0,2,8,0.1,0,0,0,0
703,John Kelly,RB,CLE,1.1,1.1,1.1,0,0,0,0,0,2,7,0.1,0,0,0,0
704,Jared Wayne,WR,HOU,1.1,1.5,1.8,0,0,0,0,0,0,0,0,1,1,8,0.1
705,Anthony Gould,WR,IND,1.1,1.4,1.7,0,0,0,0,0,0,0,0,1,1,8,0.1
706,Ihmir Smith-Marsette,WR,CAR,1.1,1.4,1.7,0,0,0,0,0,0,3,0,1,1,6,0
707,Jha’Quan Jackson,WR,TEN,1.1,1.5,1.8,0,0,0,0,0,0,0,0,1,1,8,0
708,Kearis Jackson,WR,TEN,1.1,1.5,1.8,0,0,0,0,0,0,0,0,1,1,8,0
709,Javon Baker,WR,NE,1.1,1.5,1.9,0,0,0,0,0,0,0,0,1,1,9,0
710,Danny Gray,WR,SF,1.1,1.4,1.6,0,0,0,0,0,0,0,0,1,1,8,0
711,Quintez Cephus,WR,HOU,1.1,1.4,1.7,0,0,0,0,0,0,0,0,1,1,8,0.1
712,Jordan Matthews,TE,CAR,1.1,1.6,2.1,0,0,0,0,0,0,0,0,2,1,8,0
713,Salvon Ahmed,RB,MIA,1,1,1,0,0,0,0,0,2,8,0,0,0,0,0
714,Jonathan Ward,RB,PIT,1,1,1,0,0,0,0,0,2,8,0,0,0,0,0
715,Zonovan Knight,RB,DET,1,1,1,0,0,0,0,0,2,10,0,0,0,0,0
716,Emanuel Wilson,RB,GB,1,1,1,0,0,0,0,0,2,8,0,0,0,0,0
717,Tyrie Cleveland,WR,IND,1,1.3,1.6,0,0,0,0,0,0,0,0,1,1,7,0.1
718,Zavier Scott,WR,IND,1,1.3,1.5,0,0,0,0,0,0,0,0,1,1,7,0.1
719,Tommy Sweeney,TE,CHI,1,1.5,1.9,0,0,0,0,0,0,0,0,1,1,8,0
720,Scotty Washington,TE,BAL,1,1.5,1.9,0,0,0,0,0,0,0,0,1,1,7,0.1
721,Stephen Carlson,TE,CHI,1,1.4,1.9,0,0,0,0,0,0,0,0,1,1,7,0
722,Chris Manhertz,TE,NYG,1,1.5,1.9,0,0,0,0,0,0,0,0,1,1,7,0.1
723,Zander Horvath,RB,NO,0.9,1.3,1.7,0,0,0,0,0,0,1,0,1,1,6,0
724,Raheem Blackshear,RB,CAR,0.9,0.9,0.9,0,0,0,0,0,2,9,0,0,0,0,0
725,Jake Funk,RB,DET,0.9,0.9,0.9,0,0,0,0,0,1,6,0.1,0,0,0,0
726,Michael Bandy,WR,DEN,0.9,1.2,1.5,0,0,0,0,0,0,0,0,1,1,6,0
727,Tay Martin,WR,SF,0.9,1.2,1.5,0,0,0,0,0,0,0,0,1,1,7,0
728,Shaq Davis,WR,PHI,0.9,1.2,1.4,0,0,0,0,0,0,0,0,1,1,7,0
729,Jamari Thrash,WR,CLE,0.9,1.1,1.4,0,0,0,0,0,0,0,0,1,1,6,0
730,Nick Muse,TE,MIN,0.9,1.3,1.7,0,0,0,0,0,0,0,0,1,1,7,0
731,Rashaad Penny,RB,CAR,0.8,0.8,0.8,0,0,0,0,0,2,8,0,0,0,0,0
732,Ellis Merriweather,RB,GB,0.8,0.8,0.8,0,0,0,0,0,1,5,0,0,0,0,0
733,Jordan Mims,RB,NO,0.8,0.8,0.8,0,0,0,0,0,1,5,0,0,0,0,0
734,Montrell Washington,WR,KC,0.8,1.1,1.3,0,0,0,0,0,0,0,0,1,0,6,0
735,Trey Knox,TE,MIN,0.8,1.2,1.7,0,0,0,0,0,0,0,0,1,1,6,0
736,Tyler Badie,RB,DEN,0.7,0.7,0.7,0,0,0,0,0,1,5,0,0,0,0,0
737,Lamical Perine,RB,PIT,0.7,0.7,0.7,0,0,0,0,0,1,5,0,0,0,0,0
738,Michael Carter,RB,ARI,0.7,0.7,0.7,0,0,0,0,0,1,5,0,0,0,0,0
739,Damiere Byrd,WR,WAS,0.7,0.9,1,0,0,0,0,0,0,0,0,1,0,5,0
740,Stone Smartt,TE,LAC,0.7,1,1.2,0,0,0,0,0,0,0,0,1,0,5,0
741,Lawrence Cager,TE,NYG,0.7,1,1.3,0,0,0,0,0,0,0,0,1,1,5,0
742,James Robinson,RB,NO,0.6,0.6,0.6,0,0,0,0,0,1,5,0,0,0,0,0
743,Colton Dowell,WR,TEN,0.6,0.7,0.9,0,0,0,0,0,0,0,0,1,0,4,0
744,Kendall Hinton,WR,DEN,0.6,0.8,1,0,0,0,0,0,0,0,0,1,0,5,0
745,Tyree Jackson,TE,NYG,0.6,0.9,1.2,0,0,0,0,0,0,0,0,1,1,5,0
746,Ben Mason,TE,LAC,0.6,0.8,1.1,0,0,0,0,0,0,0,0,1,0,4,0
747,Shane Zylstra,TE,DET,0.6,0.9,1.2,0,0,0,0,0,0,0,0,1,1,4,0
748,Stetson Bennett,QB,LAR,0.5,0.5,0.5,1,1,8,0,0,0,0,0,0,0,0,0
749,DeeJay Dallas,RB,ARI,0.5,0.5,0.5,0,0,0,0,0,1,5,0,0,0,0,0
750,Thayer Thomas,WR,MIN,0.5,0.7,0.9,0,0,0,0,0,0,0,0,1,0,4,0
751,Jeff Smith,WR,ARI,0.5,0.6,0.7,0,0,0,0,0,0,0,0,1,0,3,0
752,Denzel Mims,WR,JAC,0.5,0.7,0.8,0,0,0,0,0,0,0,0,1,0,4,0
753,Cody White,WR,SEA,0.5,0.7,0.9,0,0,0,0,0,0,0,0,1,0,4,0
754,Lucky Jackson,WR,MIN,0.5,0.7,0.9,0,0,0,0,0,0,0,0,1,0,4,0
755,Maurice Alexander,WR,DET,0.5,0.7,0.9,0,0,0,0,0,0,0,0,1,0,4,0
756,Chris Blair,WR,ATL,0.5,0.7,0.9,0,0,0,0,0,0,0,0,1,0,4,0
757,Dylan Drummond,WR,ATL,0.5,0.7,0.8,0,0,0,0,0,0,0,0,1,0,4,0
758,Raleigh Webb,WR,TB,0.5,0.7,0.8,0,0,0,0,0,0,0,0,1,0,3,0
759,John Samuel Shenker,TE,LV,0.5,0.8,1,0,0,0,0,0,0,0,0,1,1,4,0
760,Patrick Taylor,RB,SF,0.4,0.4,0.4,0,0,0,0,0,1,4,0,0,0,0,0
761,Freddie Swain,WR,CHI,0.4,0.5,0.6,0,0,0,0,0,0,0,0,0,0,3,0
762,Grant DuBose,WR,GB,0.4,0.5,0.7,0,0,0,0,0,0,0,0,0,0,3,0
763,Dez Fitzpatrick,WR,PIT,0.4,0.5,0.6,0,0,0,0,0,0,0,0,0,0,3,0
764,Jalen Camp,WR,CLE,0.4,0.6,0.8,0,0,0,0,0,0,0,0,1,0,3,0
765,Jacob Cowing,WR,SF,0.4,0.4,0.6,0,0,0,0,0,0,0,0,0,0,2,0
766,Johnny Johnson III,WR,HOU,0.3,0.3,0.5,0,0,0,0,0,0,0,0,0,0,2,0
767,Austin Trammell,WR,JAC,0.3,0.5,0.7,0,0,0,0,0,0,0,0,1,0,3,0
768,Jaelon Darden,WR,CLE,0.3,0.4,0.5,0,0,0,0,0,0,0,0,0,0,2,0
769,Braylon Sanders,WR,MIA,0.3,0.5,0.5,0,0,0,0,0,0,0,0,0,0,3,0
770,Nsimba Webster,WR,CHI,0.3,0.3,0.4,0,0,0,0,0,0,0,0,0,0,2,0
771,Michael Pratt,QB,GB,0.2,0.2,0.2,0,0,3,0,0,0,0,0,0,0,0,0
772,Sam Ehlinger,QB,IND,0.2,0.2,0.2,0,0,3,0,0,0,0,0,0,0,0,0
773,Taylor Heinicke,QB,ATL,0.2,0.2,0.2,0,0,2,0,0,0,0,0,0,0,0,0
774,Case Keenum,QB,HOU,0.2,0.2,0.2,0,0,3,0,0,0,0,0,0,0,0,0
775,Jordan Travis,QB,NYJ,0.2,0.2,0.2,0,0,3,0,0,0,0,0,0,0,0,0
776,Brandon Allen,QB,SF,0.2,0.2,0.2,0,0,3,0,0,0,0,0,0,0,0,0
777,Mike Boone,RB,CAR,0.2,0.2,0.2,0,0,0,0,0,1,2,0,0,0,0,0
778,Tre’Shaun Harrison,WR,TEN,0.2,0.3,0.4,0,0,0,0,0,0,0,0,0,0,2,0
779,Cornell Powell,WR,KC,0.2,0.3,0.3,0,0,0,0,0,0,0,0,0,0,2,0
780,Mike Strachan,WR,CAR,0.2,0.4,0.4,0,0,0,0,0,0,0,0,0,0,2,0
781,Tyler Huntley,QB,CLE,0.1,0.1,0.1,0,0,3,0,0,0,0,0,0,0,0,0
782,Nathan Rourke,QB,NYG,0.1,0.1,0.1,0,0,2,0,0,0,0,0,0,0,0,0
783,Jeff Driskel,QB,WAS,0.1,0.1,0.1,0,0,2,0,0,0,0,0,0,0,0,0
784,Devin Leary,QB,BAL,0.1,0.1,0.1,0,0,3,0,0,0,0,0,0,0,0,0
785,Skylar Thompson,QB,MIA,0.1,0.1,0.1,0,0,3,0,0,0,0,0,0,0,0,0
786,Kyle Allen,QB,PIT,0.1,0.1,0.1,0,0,2,0,0,0,0,0,0,0,0,0
787,Malik Willis,QB,TEN,0.1,0.1,0.1,0,0,2,0,0,0,0,0,0,0,0,0
788,Bailey Zappe,QB,NE,0.1,0.1,0.1,0,0,2,0,0,0,0,0,0,0,0,0
789,Nick Mullens,QB,MIN,0.1,0.1,0.1,0,0,3,0,0,0,0,0,0,0,0,0
790,Jake Haener,QB,NO,0.1,0.1,0.1,0,0,3,0,0,0,0,0,0,0,0,0
791,Jaren Hall,QB,MIN,0.1,0.1,0.1,0,0,3,0,0,0,0,0,0,0,0,0
792,Jarrett Stidham,QB,DEN,0.1,0.1,0.1,0,0,2,0,0,0,0,0,0,0,0,0
793,Tommy DeVito,QB,NYG,0.1,0.1,0.1,0,0,2,0,0,0,0,0,0,0,0,0
